Strain,Subspecies,Host_cn,Host_sn,Growth_form,Crop,Location0,Location1,Location2,Location3,Latitude,Longitude,Rate,logRate,RR,logRR,BIO1,BIO2,BIO3,BIO4,BIO5,BIO6,BIO7,BIO8,BIO9,BIO10,BIO11,BIO12,BIO13,BIO14,BIO15,BIO16,BIO17,BIO18,BIO19
CFBP8356,subsp.sandyi,Coffee,Coffea arabica,tree,1,MesoAmerica,Costa Rica,Costa Rica,Costa Rica,9.748917,-83.753428,0,0,0,0,18.29935455,9.634041786,81.27249146,59.93725586,24.30050087,12.44649982,11.85400105,18.33774948,18.57229233,18.96949959,17.51970863,3358,393,123,33.23675156,1126,433,609,821
CFBP8356,subsp.sandyi,Coffee,Coffea arabica,tree,1,MesoAmerica,Costa Rica,Costa Rica,Costa Rica,9.748917,-83.753428,0,0,0,0,18.29935455,9.634041786,81.27249146,59.93725586,24.30050087,12.44649982,11.85400105,18.33774948,18.57229233,18.96949959,17.51970863,3358,393,123,33.23675156,1126,433,609,821
CFBP8478,subsp.sandyi,Coffee,Coffea arabica,tree,1,MesoAmerica,Costa Rica,Costa Rica,Costa Rica,9.748917,-83.753428,0,0,0,0,18.29935455,9.634041786,81.27249146,59.93725586,24.30050087,12.44649982,11.85400105,18.33774948,18.57229233,18.96949959,17.51970863,3358,393,123,33.23675156,1126,433,609,821
CO33,subsp.sanyi/morus,Coffee,Coffea arabica,tree,1,MesoAmerica,Costa Rica,Costa Rica,Costa Rica,9.748917,-83.753428,0,0,0,0,18.29935455,9.634041786,81.27249146,59.93725586,24.30050087,12.44649982,11.85400105,18.33774948,18.57229233,18.96949959,17.51970863,3358,393,123,33.23675156,1126,433,609,821
CFBP8072,subsp.pauca,Coffee,Coffea arabica,tree,1,SouthAmerica,Ecuador,Ecuador,Ecuador,-1.831239,-78.183406,0,0,0,0,14.69230175,9.319645882,83.93053436,38.31343079,20.51524925,9.411250114,11.10399914,14.43025017,14.79691696,15.01087475,14.13329124,1640,222,81,32.31697464,587,259,311,580
CFBP8072,subsp.pauca,Coffee,Coffea arabica,tree,1,SouthAmerica,Ecuador,Ecuador,Ecuador,-1.831239,-78.183406,0,0,0,0,14.69230175,9.319645882,83.93053436,38.31343079,20.51524925,9.411250114,11.10399914,14.43025017,14.79691696,15.01087475,14.13329124,1640,222,81,32.31697464,587,259,311,580
CFBP8074,subsp.pauca,Coffee,Coffea arabica,tree,1,SouthAmerica,Ecuador,Ecuador,Ecuador,-1.831239,-78.183406,0,0,0,0,14.69230175,9.319645882,83.93053436,38.31343079,20.51524925,9.411250114,11.10399914,14.43025017,14.79691696,15.01087475,14.13329124,1640,222,81,32.31697464,587,259,311,580
CFBP8417,subsp.multiplex,Spanish broom,Spartium junceum,tree,0,Europe,France,"France, Corsica, Corse-du-Sud, Alata",France,41.975932,8.742111,0,0,0,0,14.70977592,9.089332581,38.51983643,537.406189,27.77859879,4.18210125,23.59649658,12.60201073,21.42658806,21.61121941,8.733009338,665,99,10,49.14759445,268,55,84,202
CFBP8418,subsp.multiplex,Spanish broom,Spartium junceum,tree,0,Europe,France,"France, Corsica, Corse-du-Sud, Alata",France,41.975932,8.742111,0,0,0,0,14.70977592,9.089332581,38.51983643,537.406189,27.77859879,4.18210125,23.59649658,12.60201073,21.42658806,21.61121941,8.733009338,665,99,10,49.14759445,268,55,84,202
CFBP8416,subsp.multiplex,Myrtle-leaf milkwort,Polygala myrtifolia,tree,0,Europe,France,"France, Corsica, Corse-du-Sud, Propriano",France,41.6739,8.9018,0,0,0,0,14.31095695,8.065382957,35.22957611,550.1049194,27.0870266,4.193243027,22.89378357,12.17815304,21.20193672,21.35414314,8.160810471,658,96,11,48.57682037,265,55,81,209
B3_SN17-2_IS,subsp.fastidiosa,Almonds,Prunus dulcis,tree,1,Europe,Israel,Israel,Israel,33.1944444,35.62963889,0.002548387,-2.593734603,254838.7097,5.406265397,18.44775963,10.51597977,40.0769043,618.824585,31.99650002,5.756999969,26.23950005,10.72420883,25.48208237,25.62587547,10.72420883,716,181,0,107.1378632,458,0,2,458
B3_SN17-2_IS,subsp.fastidiosa,Almonds,Prunus dulcis,tree,1,Europe,Israel,Israel,Israel,33.1944444,35.62963889,0.004607143,-2.336568321,460714.2857,5.663431679,18.44775963,10.51597977,40.0769043,618.824585,31.99650002,5.756999969,26.23950005,10.72420883,25.48208237,25.62587547,10.72420883,716,181,0,107.1378632,458,0,2,458
De_Donno,subsp.pauca,Olive,Olea europaea,tree,1,Europe,Italy,"Italy, Apulia, Lecce, Galipolli - Li Sauli",Italy,40.0107783,18.0507763,0,0,0,0,16.72888374,7.418532848,31.73244286,602.3766479,29.77682304,6.3984375,23.37838554,14.22994804,22.01198006,24.41549492,10.00421047,549,83,12,53.51967239,230,48,50,186
De_Donno,subsp.pauca,Olive,Olea europaea,tree,1,Europe,Italy,"Italy, Apulia, Lecce, Galipolli - Li Sauli",Italy,40.0107783,18.0507763,0,0,0,0,16.72888374,7.418532848,31.73244286,602.3766479,29.77682304,6.3984375,23.37838554,14.22994804,22.01198006,24.41549492,10.00421047,549,83,12,53.51967239,230,48,50,186
Salento-1,subsp.pauca,Olive,Olea europaea,tree,1,Europe,Italy,"Italy, Apulia, Lecce, Taviano",Italy,39.98224,18.08151,0,0,0,0,16.89552116,7.11269474,30.88209534,600.2520142,29.71027946,6.678504467,23.03177452,14.45646381,22.11869049,24.53621483,10.20085716,546,84,11,56.37452316,237,44,47,188
CFBP8073,subsp.fastidiosa,Coffee,Coffea robusta,tree,1,MesoAmerica,Mexico,Mexico,Mexico,23.634501,-102.552784,0,0,0,0,16.65398979,18.96981239,63.77800751,357.6649475,30.97425079,1.230749965,29.74350166,19.38016701,15.46641636,20.64104271,11.96554184,362,76,5,86.43994904,207,19,132,31
CFBP8073,subsp.fastidiosa,Coffee,Coffea robusta,tree,1,MesoAmerica,Mexico,Mexico,Mexico,23.634501,-102.552784,0,0,0,0,16.65398979,18.96981239,63.77800751,357.6649475,30.97425079,1.230749965,29.74350166,19.38016701,15.46641636,20.64104271,11.96554184,362,76,5,86.43994904,207,19,132,31
IAS-AXF212H7,subsp.multiplex,Almonds,Prunus dulcis,tree,1,Europe,Spain,"Spain, Alicante, Benimantell",Spain-Alicante,38.67457,-0.2099,0,0,0,0,13.45611477,12.78135395,39.68994904,688.6530762,31.79974937,-0.403250009,32.20299911,15.35854149,22.40595818,22.40595818,5.616499901,390,49,12,37.03286743,131,58,58,83
IAS-AXF64H11,subsp.multiplex,Almonds,Prunus dulcis,tree,1,Europe,Spain,"Spain, Alicante, Benimantell",Spain-Alicante,38.67457,-0.2099,0,0,0,0,13.45611477,12.78135395,39.68994904,688.6530762,31.79974937,-0.403250009,32.20299911,15.35854149,22.40595818,22.40595818,5.616499901,390,49,12,37.03286743,131,58,58,83
IVIA5901,subsp.multiplex,Almonds,Prunus dulcis,tree,1,Europe,Spain,"Spain, Alicante, Benimantell",Spain-Alicante,38.67457,-0.2099,0,0,0,0,13.45611477,12.78135395,39.68994904,688.6530762,31.79974937,-0.403250009,32.20299911,15.35854149,22.40595818,22.40595818,5.616499901,390,49,12,37.03286743,131,58,58,83
IVIA5901,subsp.multiplex,Almonds,Prunus dulcis,tree,1,Europe,Spain,"Spain, Alicante, Benimantell",Spain-Alicante,38.67457,-0.2099,0,0,0,0,13.45611477,12.78135395,39.68994904,688.6530762,31.79974937,-0.403250009,32.20299911,15.35854149,22.40595818,22.40595818,5.616499901,390,49,12,37.03286743,131,58,58,83
IVIA5901,subsp.multiplex,Almonds,Prunus dulcis,tree,1,Europe,Spain,"Spain, Alicante, Benimantell",Spain-Alicante,38.67457,-0.2099,0,0,0,0,13.45611477,12.78135395,39.68994904,688.6530762,31.79974937,-0.403250009,32.20299911,15.35854149,22.40595818,22.40595818,5.616499901,390,49,12,37.03286743,131,58,58,83
ESVL,subsp.multiplex,Almonds,Prunus dulcis,tree,1,Europe,Spain,"Spain, Alicante, Bolulla",Spain-Alicante,38.6762,-0.1118,0,0,0,0,15.13240623,12.13414574,40.77779388,635.4622192,31.57575035,1.819000006,29.75675011,15.89900017,23.32241631,23.32241631,7.855000019,365,50,10,38.51945114,125,49,49,79
ESVL,subsp.multiplex,Almonds,Prunus dulcis,tree,1,Europe,Spain,"Spain, Alicante, Bolulla",Spain-Alicante,38.6762,-0.1118,0,0,0,0,15.13240623,12.13414574,40.77779388,635.4622192,31.57575035,1.819000006,29.75675011,15.89900017,23.32241631,23.32241631,7.855000019,365,50,10,38.51945114,125,49,49,79
ESVL,subsp.multiplex,Almonds,Prunus dulcis,tree,1,Europe,Spain,"Spain, Alicante, Bolulla",Spain-Alicante,38.6762,-0.1118,0,0,0,0,15.13240623,12.13414574,40.77779388,635.4622192,31.57575035,1.819000006,29.75675011,15.89900017,23.32241631,23.32241631,7.855000019,365,50,10,38.51945114,125,49,49,79
IVIA6902,subsp.multiplex,Almonds,Prunus dulcis,tree,1,Europe,Spain,"Spain, Alicante, Castell de Castells",Spain-Alicante,38.7255294,-0.194579,0,0,0,0,13.45611477,12.78135395,39.68994904,688.6530762,31.79974937,-0.403250009,32.20299911,15.35854149,22.40595818,22.40595818,5.616499901,390,49,12,37.03286743,131,58,58,83
XYL1961,subsp.pauca,Olive,Olea europaea,tree,1,Europe,Spain,"Spain, Ibiza",Spain-Ibiza,39.0200099,1.4821482,0,0,0,0,16.88380814,9.556972504,39.32509613,545.8504028,30.36831665,6.065841675,24.30247498,14.61419106,23.77689743,24.03704643,10.86122131,451,69,6,48.39292526,180,40,75,137
XYL1961,subsp.pauca,Olive,Olea europaea,tree,1,Europe,Spain,"Spain, Ibiza",Spain-Ibiza,39.0200099,1.4821482,0,0,0,0,16.88380814,9.556972504,39.32509613,545.8504028,30.36831665,6.065841675,24.30247498,14.61419106,23.77689743,24.03704643,10.86122131,451,69,6,48.39292526,180,40,75,137
IVIA5235,subsp.fastidiosa,Sweet Cherry,Prunus avium,tree,1,Europe,Spain,"Spain, Mallorca",Spain-Mallorca,39.6952629,3.0175712,0,0,0,0,16.45094299,10.10382175,40.80439377,540.0374146,30.12734795,5.365746021,24.7616024,14.42108631,23.22348022,23.55432892,10.6423111,670,98,13,45.8205452,257,62,108,199
IVIA5235,subsp.fastidiosa,Sweet Cherry,Prunus avium,tree,1,Europe,Spain,"Spain, Mallorca",Spain-Mallorca,39.6952629,3.0175712,0,0,0,0,16.45094299,10.10382175,40.80439377,540.0374146,30.12734795,5.365746021,24.7616024,14.42108631,23.22348022,23.55432892,10.6423111,670,98,13,45.8205452,257,62,108,199
IVIA5770,subsp.fastidiosa,Grapes,Vitis vinifera,tree,1,Europe,Spain,"Spain, Mallorca",Spain-Mallorca,39.6952629,3.0175712,0.0000000428,-7.368286885,4.282655246,0.631713115,16.45094299,10.10382175,40.80439377,540.0374146,30.12734795,5.365746021,24.7616024,14.42108631,23.22348022,23.55432892,10.6423111,670,98,13,45.8205452,257,62,108,199
IVIA5770,subsp.fastidiosa,Grapes,Vitis vinifera,tree,1,Europe,Spain,"Spain, Mallorca",Spain-Mallorca,39.6952629,3.0175712,0.000000093,-7.031408464,9.302325581,0.968591536,16.45094299,10.10382175,40.80439377,540.0374146,30.12734795,5.365746021,24.7616024,14.42108631,23.22348022,23.55432892,10.6423111,670,98,13,45.8205452,257,62,108,199
IVIA5770,subsp.fastidiosa,Grapes,Vitis vinifera,tree,1,Europe,Spain,"Spain, Mallorca",Spain-Mallorca,39.6952629,3.0175712,0.00000117,-5.930919081,117.2413793,2.069080919,16.45094299,10.10382175,40.80439377,540.0374146,30.12734795,5.365746021,24.7616024,14.42108631,23.22348022,23.55432892,10.6423111,670,98,13,45.8205452,257,62,108,199
R2XF4358_18,subsp.fastidiosa,Italian buckthorn,Rhamnus alaternus,tree,0,Europe,Spain,"Spain, Mallorca",Spain-Mallorca,39.6952629,3.0175712,0.000000955,-6.019808393,95.54140127,1.980191607,16.45094299,10.10382175,40.80439377,540.0374146,30.12734795,5.365746021,24.7616024,14.42108631,23.22348022,23.55432892,10.6423111,670,98,13,45.8205452,257,62,108,199
R2XF4358_18,subsp.fastidiosa,Italian buckthorn,Rhamnus alaternus,tree,0,Europe,Spain,"Spain, Mallorca",Spain-Mallorca,39.6952629,3.0175712,0.0000203,-4.691670766,2033.898305,3.308329234,16.45094299,10.10382175,40.80439377,540.0374146,30.12734795,5.365746021,24.7616024,14.42108631,23.22348022,23.55432892,10.6423111,670,98,13,45.8205452,257,62,108,199
R2XF4358_18,subsp.fastidiosa,Italian buckthorn,Rhamnus alaternus,tree,0,Europe,Spain,"Spain, Mallorca",Spain-Mallorca,39.6952629,3.0175712,0.000254545,-3.594234654,25454.54545,4.405765346,16.45094299,10.10382175,40.80439377,540.0374146,30.12734795,5.365746021,24.7616024,14.42108631,23.22348022,23.55432892,10.6423111,670,98,13,45.8205452,257,62,108,199
XF3967_18,subsp.fastidiosa,Grapes,Vitis vinifera,tree,1,Europe,Spain,"Spain, Mallorca",Spain-Mallorca,39.6952629,3.0175712,0.00000000357,-8.447158031,0.357142857,-0.447158031,16.45094299,10.10382175,40.80439377,540.0374146,30.12734795,5.365746021,24.7616024,14.42108631,23.22348022,23.55432892,10.6423111,670,98,13,45.8205452,257,62,108,199
XF3967_18,subsp.fastidiosa,Grapes,Vitis vinifera,tree,1,Europe,Spain,"Spain, Mallorca",Spain-Mallorca,39.6952629,3.0175712,0.00000939,-5.027152246,939.3939394,2.972847754,16.45094299,10.10382175,40.80439377,540.0374146,30.12734795,5.365746021,24.7616024,14.42108631,23.22348022,23.55432892,10.6423111,670,98,13,45.8205452,257,62,108,199
XYL1981_17,subsp.multiplex,Fig,Ficus carica,tree,1,Europe,Spain,"Spain, Mallorca",Spain-Mallorca,39.6952629,3.0175712,0,0,0,0,16.45094299,10.10382175,40.80439377,540.0374146,30.12734795,5.365746021,24.7616024,14.42108631,23.22348022,23.55432892,10.6423111,670,98,13,45.8205452,257,62,108,199
XYL1981_17,subsp.multiplex,Fig,Ficus carica,tree,1,Europe,Spain,"Spain, Mallorca",Spain-Mallorca,39.6952629,3.0175712,0,0,0,0,16.45094299,10.10382175,40.80439377,540.0374146,30.12734795,5.365746021,24.7616024,14.42108631,23.22348022,23.55432892,10.6423111,670,98,13,45.8205452,257,62,108,199
XYL2014_18,subsp.fastidiosa,Almonds,Prunus dulcis,tree,1,Europe,Spain,"Spain, Mallorca",Spain-Mallorca,39.6952629,3.0175712,0.0000431,-4.365629242,4308.943089,3.634370758,16.45094299,10.10382175,40.80439377,540.0374146,30.12734795,5.365746021,24.7616024,14.42108631,23.22348022,23.55432892,10.6423111,670,98,13,45.8205452,257,62,108,199
XYL2014_18,subsp.fastidiosa,Almonds,Prunus dulcis,tree,1,Europe,Spain,"Spain, Mallorca",Spain-Mallorca,39.6952629,3.0175712,0.000172399,-3.763464878,17239.91507,4.236535122,16.45094299,10.10382175,40.80439377,540.0374146,30.12734795,5.365746021,24.7616024,14.42108631,23.22348022,23.55432892,10.6423111,670,98,13,45.8205452,257,62,108,199
XYL2017_18,subsp.fastidiosa,Almonds,Prunus dulcis,tree,1,Europe,Spain,"Spain, Mallorca",Spain-Mallorca,39.6952629,3.0175712,0.0000275,-4.561010758,2747.826087,3.438989242,16.45094299,10.10382175,40.80439377,540.0374146,30.12734795,5.365746021,24.7616024,14.42108631,23.22348022,23.55432892,10.6423111,670,98,13,45.8205452,257,62,108,199
XYL2017_18,subsp.fastidiosa,Almonds,Prunus dulcis,tree,1,Europe,Spain,"Spain, Mallorca",Spain-Mallorca,39.6952629,3.0175712,0.000234722,-3.629445792,23472.22222,4.370554208,16.45094299,10.10382175,40.80439377,540.0374146,30.12734795,5.365746021,24.7616024,14.42108631,23.22348022,23.55432892,10.6423111,670,98,13,45.8205452,257,62,108,199
XYL2055_17,subsp.fastidiosa,Grapes,Vitis vinifera,tree,1,Europe,Spain,"Spain, Mallorca",Spain-Mallorca,39.6952629,3.0175712,0.00000758,-5.120162473,758.2938389,2.879837527,16.45094299,10.10382175,40.80439377,540.0374146,30.12734795,5.365746021,24.7616024,14.42108631,23.22348022,23.55432892,10.6423111,670,98,13,45.8205452,257,62,108,199
XYL2093_18,subsp.fastidiosa,Almonds,Prunus dulcis,tree,1,Europe,Spain,"Spain, Mallorca",Spain-Mallorca,39.6952629,3.0175712,0.0000056,-5.252181428,559.5238095,2.747818572,16.45094299,10.10382175,40.80439377,540.0374146,30.12734795,5.365746021,24.7616024,14.42108631,23.22348022,23.55432892,10.6423111,670,98,13,45.8205452,257,62,108,199
XYL2153_18,subsp.fastidiosa,Grapes,Vitis vinifera,tree,1,Europe,Spain,"Spain, Mallorca",Spain-Mallorca,39.6952629,3.0175712,0.00000608,-5.215835766,608.365019,2.784164234,16.45094299,10.10382175,40.80439377,540.0374146,30.12734795,5.365746021,24.7616024,14.42108631,23.22348022,23.55432892,10.6423111,670,98,13,45.8205452,257,62,108,199
XYL461,subsp.fastidiosa,Italian buckthorn,Rhamnus alaternus,tree,0,Europe,Spain,"Spain, Mallorca",Spain-Mallorca,39.6952629,3.0175712,0.00000082,-6.086359831,81.96721311,1.913640169,16.45094299,10.10382175,40.80439377,540.0374146,30.12734795,5.365746021,24.7616024,14.42108631,23.22348022,23.55432892,10.6423111,670,98,13,45.8205452,257,62,108,199
XYL461,subsp.fastidiosa,Italian buckthorn,Rhamnus alaternus,tree,0,Europe,Spain,"Spain, Mallorca",Spain-Mallorca,39.6952629,3.0175712,0.00000667,-5.176091259,666.6666667,2.823908741,16.45094299,10.10382175,40.80439377,540.0374146,30.12734795,5.365746021,24.7616024,14.42108631,23.22348022,23.55432892,10.6423111,670,98,13,45.8205452,257,62,108,199
XF3348,subsp.multiplex,Almonds,Prunus dulcis,tree,1,Europe,Spain,"Spain, Mallorca, Binissalem",Spain-Mallorca,39.68744,2.84396,0,0,0,0,15.44580173,9.824354172,39.70358276,549.9624023,29.21825027,4.473999977,24.74425125,13.30891705,22.40295792,22.67191696,9.536999702,651,95,12,44.73671341,249,62,105,191
XF3348,subsp.multiplex,Almonds,Prunus dulcis,tree,1,Europe,Spain,"Spain, Mallorca, Binissalem",Spain-Mallorca,39.68744,2.84396,0,0,0,0,15.44580173,9.824354172,39.70358276,549.9624023,29.21825027,4.473999977,24.74425125,13.30891705,22.40295792,22.67191696,9.536999702,651,95,12,44.73671341,249,62,105,191
XF3348,subsp.multiplex,Almonds,Prunus dulcis,tree,1,Europe,Spain,"Spain, Mallorca, Binissalem",Spain-Mallorca,39.68744,2.84396,0,0,0,0,15.44580173,9.824354172,39.70358276,549.9624023,29.21825027,4.473999977,24.74425125,13.30891705,22.40295792,22.67191696,9.536999702,651,95,12,44.73671341,249,62,105,191
XYL468,subsp.multiplex,Olive,Olea europaea,tree,1,Europe,Spain,"Spain, Mallorca, Manacor",Spain-Mallorca,39.5697,3.2095,0,0,0,0,16.27268791,10.01408768,40.22507095,546.9284058,30.12532043,5.230178833,24.8951416,14.23060513,23.14087868,23.44957352,10.3789854,665,97,10,48.00096893,261,55,100,205
XYL466_19,subsp.multiplex,Olive,Olea europaea,tree,1,Europe,Spain,"Spain, Mallorca, Sant Lloren√ß",Spain-Mallorca,39.6113,3.2854,0,0,0,0,16.27268791,10.01408768,40.22507095,546.9284058,30.12532043,5.230178833,24.8951416,14.23060513,23.14087868,23.44957352,10.3789854,665,97,10,48.00096893,261,55,100,205
XYL1968_18,subsp.multiplex,Olive,Olea europaea,tree,1,Europe,Spain,"Spain, Menorca",Spain-Menorca,39.9496287,4.1104449,0,0,0,0,16.43450165,7.468560696,34.5052681,529.4011841,28.47840881,6.833712101,21.64469719,14.63446999,23.0182457,23.41382599,10.74684334,586,86,4,49.95027542,233,44,83,167
XYL1981_18,subsp.multiplex,Almonds,Prunus dulcis,tree,1,Europe,Spain,"Spain, Menorca",Spain-Menorca,39.9496287,4.1104449,0,0,0,0,16.43450165,7.468560696,34.5052681,529.4011841,28.47840881,6.833712101,21.64469719,14.63446999,23.0182457,23.41382599,10.74684334,586,86,4,49.95027542,233,44,83,167
Santa29b,subsp.multiplex,lavender cotton,Santolina chamaecyparissus,tree,0,Europe,Spain,"Spain, Menorca, Alcafar",Spain-Menorca,39.8291,4.2952,0,0,0,0,16.88769913,7.135714531,33.80329132,522.1585693,28.61428642,7.504761696,21.10952377,15.21111107,23.32301521,23.78333282,11.25,549,82,3,51.86188507,224,39,76,155
XYL1752_17,subsp.multiplex,Almonds,Prunus dulcis,tree,1,Europe,Spain,"Spain, Menorca, Ciudatella",Spain-Menorca,39.9991,3.8389,0,0,0,0,16.63352776,7.870273113,35.58855438,531.4771118,28.92456055,6.809941769,22.1146183,14.81491184,23.24473572,23.63372421,10.9245615,599,89,5,49.49786758,238,47,88,168
XYL1966_18,subsp.multiplex,Olive,Olea europaea,tree,1,Europe,Spain,"Spain, Menorca, Ciudatella",Spain-Menorca,39.9991,3.8389,0,0,0,0,16.63352776,7.870273113,35.58855438,531.4771118,28.92456055,6.809941769,22.1146183,14.81491184,23.24473572,23.63372421,10.9245615,599,89,5,49.49786758,238,47,88,168
BH-elm,subsp.multiplex,Elm,Ulmus americana,tree,1,SEUS,GA,"USA, Alabama, Jefferson, Birmingham",GA,33.5185892,-86.8103567,0.0001225,-3.911863911,12250,4.088136089,16.51411438,13.21681213,40.11476517,762.5804443,32.67525101,-0.272249997,32.94750214,8.511249542,21.97599983,25.69449997,6.875749588,1430,166,84,18.44437408,427,281,327,385
RBCF119,subsp.multiplex,pecan,Carya illinoinensis,tree,1,SEUS,GA,"USA, Alabama, Lowndes, Lowndesboro",GA,32.2751399,-86.6113658,0,0,0,0,18.16339493,12.75683308,41.14842224,708.918457,33.21749878,2.215500116,31.0019989,10.75079155,23.25558281,26.63533401,9.194458008,1371,169,67,22.19915771,435,266,324,394
RBCF119,subsp.multiplex,pecan,Carya illinoinensis,tree,1,SEUS,GA,"USA, Alabama, Lowndes, Lowndesboro",GA,32.2751399,-86.6113658,0,0,0,0,18.16339493,12.75683308,41.14842224,708.918457,33.21749878,2.215500116,31.0019989,10.75079155,23.25558281,26.63533401,9.194458008,1371,169,67,22.19915771,435,266,324,394
CFBP8075,subsp.multiplex,Plum,Prunus sp,tree,1,WUS,CA,"USA, California",CA,36.778261,-119.4179324,0,0,0,0,17.54601097,14.60822868,42.97833633,727.5754395,36.88774872,2.898000002,33.98974991,10.55870819,26.515625,26.515625,8.975667,406,78,0,86.35752106,221,5,5,207
CFBP8351,subsp.fastidiosa,Grapes,Vitis vinifera,tree,1,WUS,CA,"USA, California",CA,36.778261,-119.4179324,0.00000757,-5.120920121,756.9721116,2.879079879,17.54601097,14.60822868,42.97833633,727.5754395,36.88774872,2.898000002,33.98974991,10.55870819,26.515625,26.515625,8.975667,406,78,0,86.35752106,221,5,5,207
CFBP8351,subsp.fastidiosa,Grapes,Vitis vinifera,tree,1,WUS,CA,"USA, California",CA,36.778261,-119.4179324,0.00000757,-5.120920121,756.9721116,2.879079879,17.54601097,14.60822868,42.97833633,727.5754395,36.88774872,2.898000002,33.98974991,10.55870819,26.515625,26.515625,8.975667,406,78,0,86.35752106,221,5,5,207
CFBP8351,subsp.fastidiosa,Grapes,Vitis vinifera,tree,1,WUS,CA,"USA, California",CA,36.778261,-119.4179324,0.0000271,-4.567400689,2707.692308,3.432599311,17.54601097,14.60822868,42.97833633,727.5754395,36.88774872,2.898000002,33.98974991,10.55870819,26.515625,26.515625,8.975667,406,78,0,86.35752106,221,5,5,207
CFBP8351,subsp.fastidiosa,Grapes,Vitis vinifera,tree,1,WUS,CA,"USA, California",CA,36.778261,-119.4179324,0.0000271,-4.567400689,2707.692308,3.432599311,17.54601097,14.60822868,42.97833633,727.5754395,36.88774872,2.898000002,33.98974991,10.55870819,26.515625,26.515625,8.975667,406,78,0,86.35752106,221,5,5,207
OC8,subsp.sandyi,Olive,Olea europaea,tree,1,WUS,CA,"USA, California",CA,36.778261,-119.4179324,0,0,0,0,17.54601097,14.60822868,42.97833633,727.5754395,36.88774872,2.898000002,33.98974991,10.55870819,26.515625,26.515625,8.975667,406,78,0,86.35752106,221,5,5,207
OC8,subsp.sandyi,Olive,Olea europaea,tree,1,WUS,CA,"USA, California",CA,36.778261,-119.4179324,0,0,0,0,17.54601097,14.60822868,42.97833633,727.5754395,36.88774872,2.898000002,33.98974991,10.55870819,26.515625,26.515625,8.975667,406,78,0,86.35752106,221,5,5,207
Je73,subsp.fastidiosa,Grapes,Vitis vinifera,tree,1,WUS,CA,"USA, California, Bakersfield, Buena Vista boulevard",CA,35.2387,-118.7615,0.000602247,-3.220225217,60224.7191,4.779774783,17.33158302,15.125,44.59152603,691.251709,35.69124985,1.772249937,33.91899872,10.73562527,25.93937492,25.93937492,9.248291969,236,48,1,80.31604767,125,6,6,105
Je73,subsp.fastidiosa,Grapes,Vitis vinifera,tree,1,WUS,CA,"USA, California, Bakersfield, Buena Vista boulevard",CA,35.2387,-118.7615,0.003300699,-2.481394039,330069.9301,5.518605961,17.33158302,15.125,44.59152603,691.251709,35.69124985,1.772249937,33.91899872,10.73562527,25.93937492,25.93937492,9.248291969,236,48,1,80.31604767,125,6,6,105
Je63,subsp.fastidiosa,Grapes,Vitis vinifera,tree,1,WUS,CA,"USA, California, Bakersfield, General Beale road",CA,35.2494,-118.7528,0.020346021,-1.691520517,2034602.076,6.308479483,17.33158302,15.125,44.59152603,691.251709,35.69124985,1.772249937,33.91899872,10.73562527,25.93937492,25.93937492,9.248291969,236,48,1,80.31604767,125,6,6,105
Je63,subsp.fastidiosa,Grapes,Vitis vinifera,tree,1,WUS,CA,"USA, California, Bakersfield, General Beale road",CA,35.2494,-118.7528,0.148809524,-0.827369273,14880952.38,7.172630727,17.33158302,15.125,44.59152603,691.251709,35.69124985,1.772249937,33.91899872,10.73562527,25.93937492,25.93937492,9.248291969,236,48,1,80.31604767,125,6,6,105
Je78,subsp.fastidiosa,Grapes,Vitis vinifera,tree,1,WUS,CA,"USA, California, Bakersfield, General Beale road",CA,35.2176,-118.7607,0.008028986,-2.095339326,802898.5507,5.904660674,17.33158302,15.125,44.59152603,691.251709,35.69124985,1.772249937,33.91899872,10.73562527,25.93937492,25.93937492,9.248291969,236,48,1,80.31604767,125,6,6,105
Je78,subsp.fastidiosa,Grapes,Vitis vinifera,tree,1,WUS,CA,"USA, California, Bakersfield, General Beale road",CA,35.2176,-118.7607,0.042367347,-1.372968731,4236734.694,6.627031269,17.33158302,15.125,44.59152603,691.251709,35.69124985,1.772249937,33.91899872,10.73562527,25.93937492,25.93937492,9.248291969,236,48,1,80.31604767,125,6,6,105
Je60,subsp.fastidiosa,Grapes,Vitis vinifera,tree,1,WUS,CA,"USA, California, Bakersfiled, Tower Line road",CA,35.3357,-118.8068,0.00042623,-3.370356487,42622.95082,4.629643513,16.90937424,16.23604202,46.94566727,687.1893311,36.04949951,1.464750051,34.58475113,10.09066677,25.48316574,25.48316574,8.984042168,297,57,1,79.83092499,154,8,8,136
Je60,subsp.fastidiosa,Grapes,Vitis vinifera,tree,1,WUS,CA,"USA, California, Bakersfiled, Tower Line road",CA,35.3357,-118.8068,0.001638554,-2.785539184,163855.4217,5.214460816,16.90937424,16.23604202,46.94566727,687.1893311,36.04949951,1.464750051,34.58475113,10.09066677,25.48316574,25.48316574,8.984042168,297,57,1,79.83092499,154,8,8,136
ALS14T3,subsp.multiplex,Almonds,Prunus dulcis,tree,1,WUS,CA,"USA, California, Claribel",CA,37.8275217,-120.9771333,0,0,0,0,16.29041672,14.65408325,45.99523926,635.6850586,34.06299973,2.203000069,31.86000061,10.1817503,23.81004143,23.81004143,8.373332977,352,64,1,85.3021698,181,5,5,170
ALS14T3,subsp.multiplex,Almonds,Prunus dulcis,tree,1,WUS,CA,"USA, California, Claribel",CA,37.8275217,-120.9771333,0,0,0,0,16.29041672,14.65408325,45.99523926,635.6850586,34.06299973,2.203000069,31.86000061,10.1817503,23.81004143,23.81004143,8.373332977,352,64,1,85.3021698,181,5,5,170
ALS14T5,subsp.fastidiosa,Almonds,Prunus dulcis,tree,1,WUS,CA,"USA, California, Claribel",CA,37.8275217,-120.9771333,0.001196653,-2.922031625,119665.3389,5.077968375,16.29041672,14.65408325,45.99523926,635.6850586,34.06299973,2.203000069,31.86000061,10.1817503,23.81004143,23.81004143,8.373332977,352,64,1,85.3021698,181,5,5,170
ALS14T5,subsp.fastidiosa,Almonds,Prunus dulcis,tree,1,WUS,CA,"USA, California, Claribel",CA,37.8275217,-120.9771333,0.008477076,-2.071753908,847707.6288,5.928246092,16.29041672,14.65408325,45.99523926,635.6850586,34.06299973,2.203000069,31.86000061,10.1817503,23.81004143,23.81004143,8.373332977,352,64,1,85.3021698,181,5,5,170
ALS10T14,subsp.fastidiosa,Almonds,Prunus dulcis,tree,1,WUS,CA,"USA, California, Colusa",CA,39.25,-122.23,0.000274213,-3.561911268,27421.3437,4.438088732,16.24650002,15.66924953,48.35815048,624.6707153,34.29524994,1.892750025,32.40250015,8.692250252,23.75395775,23.75395775,8.692250252,440,92,1,88.80075836,235,9,9,235
ALS10T14,subsp.fastidiosa,Almonds,Prunus dulcis,tree,1,WUS,CA,"USA, California, Colusa",CA,39.25,-122.23,0.010100556,-1.995654737,1010055.559,6.004345263,16.24650002,15.66924953,48.35815048,624.6707153,34.29524994,1.892750025,32.40250015,8.692250252,23.75395775,23.75395775,8.692250252,440,92,1,88.80075836,235,9,9,235
ALS10T3,subsp.multiplex,Almonds,Prunus dulcis,tree,1,WUS,CA,"USA, California, Colusa",CA,39.25,-122.23,0,0,0,0,16.24650002,15.66924953,48.35815048,624.6707153,34.29524994,1.892750025,32.40250015,8.692250252,23.75395775,23.75395775,8.692250252,440,92,1,88.80075836,235,9,9,235
ALS10T3,subsp.multiplex,Almonds,Prunus dulcis,tree,1,WUS,CA,"USA, California, Colusa",CA,39.25,-122.23,0,0,0,0,16.24650002,15.66924953,48.35815048,624.6707153,34.29524994,1.892750025,32.40250015,8.692250252,23.75395775,23.75395775,8.692250252,440,92,1,88.80075836,235,9,9,235
ALS12T1,subsp.multiplex,Almonds,Prunus dulcis,tree,1,WUS,CA,"USA, California, Colusa",CA,39.3,-122.23,0.00706785,-2.150712701,706784.9597,5.849287299,16.24650002,15.66924953,48.35815048,624.6707153,34.29524994,1.892750025,32.40250015,8.692250252,23.75395775,23.75395775,8.692250252,440,92,1,88.80075836,235,9,9,235
ALS12T1,subsp.multiplex,Almonds,Prunus dulcis,tree,1,WUS,CA,"USA, California, Colusa",CA,39.3,-122.23,0.019422965,-1.711684462,1942296.548,6.288315538,16.24650002,15.66924953,48.35815048,624.6707153,34.29524994,1.892750025,32.40250015,8.692250252,23.75395775,23.75395775,8.692250252,440,92,1,88.80075836,235,9,9,235
M12,subsp.multiplex,Almonds,Prunus dulcis,tree,1,WUS,CA,"USA, California, Kern",CA,35.4937,-118.8597,0,0,0,0,18.59447861,15.99570847,45.03264618,725.3770752,37.85774994,2.337500095,35.52024841,11.66187477,27.55504227,27.55504227,9.981416702,187,37,0,79.0202179,99,4,4,84
M12,subsp.multiplex,Almonds,Prunus dulcis,tree,1,WUS,CA,"USA, California, Kern",CA,35.4937,-118.8597,0,0,0,0,18.59447861,15.99570847,45.03264618,725.3770752,37.85774994,2.337500095,35.52024841,11.66187477,27.55504227,27.55504227,9.981416702,187,37,0,79.0202179,99,4,4,84
M23,subsp.fastidiosa,Almonds,Prunus dulcis,tree,1,WUS,CA,"USA, California, Kern",CA,35.4937,-118.8597,0.000000247,-6.606775884,24.73,1.393224116,18.59447861,15.99570847,45.03264618,725.3770752,37.85774994,2.337500095,35.52024841,11.66187477,27.55504227,27.55504227,9.981416702,187,37,0,79.0202179,99,4,4,84
M23,subsp.fastidiosa,Almonds,Prunus dulcis,tree,1,WUS,CA,"USA, California, Kern",CA,35.4937,-118.8597,0.00000578,-5.238072162,578,2.761927838,18.59447861,15.99570847,45.03264618,725.3770752,37.85774994,2.337500095,35.52024841,11.66187477,27.55504227,27.55504227,9.981416702,187,37,0,79.0202179,99,4,4,84
LM10,subsp.multiplex,Olive,Olea europaea,tree,1,WUS,CA,"USA, California, Los Angeles",CA,34.0522342,-118.2436849,0,0,0,0,18.55937576,13.30916691,56.35358429,378.9324341,30.96274948,7.345499992,23.61724854,14.63670826,22.8864994,23.52416611,14.24745846,406,93,1,101.7921982,257,6,11,234
LM10,subsp.multiplex,Olive,Olea europaea,tree,1,WUS,CA,"USA, California, Los Angeles",CA,34.0522342,-118.2436849,0,0,0,0,18.55937576,13.30916691,56.35358429,378.9324341,30.96274948,7.345499992,23.61724854,14.63670826,22.8864994,23.52416611,14.24745846,406,93,1,101.7921982,257,6,11,234
Conn-creek,subsp.fastidiosa,Grapes,Vitis vinifera,tree,1,WUS,CA,"USA, California, Napa Valley",CA,38.2975381,-122.286865,0.0000824,-4.084072788,8240,3.915927212,15.09294796,14.42014503,52.50897598,496.4607239,30.44524956,2.98300004,27.46224976,8.953874588,20.77366638,20.9701252,8.953874588,728,156,1,93.8258667,403,7,13,403
Fetzer,subsp.fastidiosa,Grapes,Vitis vinifera,tree,1,WUS,CA,"USA, California, Napa Valley",CA,38.2975381,-122.286865,0.0001193,-3.923359556,11930,4.076640444,15.09294796,14.42014503,52.50897598,496.4607239,30.44524956,2.98300004,27.46224976,8.953874588,20.77366638,20.9701252,8.953874588,728,156,1,93.8258667,403,7,13,403
Je35,subsp.fastidiosa,Grapes,Vitis vinifera,tree,1,WUS,CA,"USA, California, Napa valley, Conn Creek road",CA,38.4658,-122.3969,0.002096257,-2.67855554,209625.6684,5.32144446,14.65508366,14.40195847,52.48479462,494.8992004,30.33824921,2.898000002,27.44024849,8.710666656,20.45129204,20.66229248,8.710666656,846,184,1,93.99051666,470,9,16,470
Je35,subsp.fastidiosa,Grapes,Vitis vinifera,tree,1,WUS,CA,"USA, California, Napa valley, Conn Creek road",CA,38.4658,-122.3969,0.03205298,-1.494131586,3205298.013,6.505868414,14.65508366,14.40195847,52.48479462,494.8992004,30.33824921,2.898000002,27.44024849,8.710666656,20.45129204,20.66229248,8.710666656,846,184,1,93.99051666,470,9,16,470
Je43,subsp.fastidiosa,Grapes,Vitis vinifera,tree,1,WUS,CA,"USA, California, Napa valley, Rutherford",CA,38.4575,-122.4219,0.0005284,-3.277037191,52840,4.722962809,14.65508366,14.40195847,52.48479462,494.8992004,30.33824921,2.898000002,27.44024849,8.710666656,20.45129204,20.66229248,8.710666656,846,184,1,93.99051666,470,9,16,470
Je43,subsp.fastidiosa,Grapes,Vitis vinifera,tree,1,WUS,CA,"USA, California, Napa valley, Rutherford",CA,38.4575,-122.4219,0.009342,-2.029560137,934200,5.970439863,14.65508366,14.40195847,52.48479462,494.8992004,30.33824921,2.898000002,27.44024849,8.710666656,20.45129204,20.66229248,8.710666656,846,184,1,93.99051666,470,9,16,470
Je51,subsp.fastidiosa,Grapes,Vitis vinifera,tree,1,WUS,CA,"USA, California, Napa valley, Veteran peak (nearby)",CA,38.4061,-122.3414,0.007714286,-2.11270428,771428.5714,5.88729572,14.65508366,14.40195847,52.48479462,494.8992004,30.33824921,2.898000002,27.44024849,8.710666656,20.45129204,20.66229248,8.710666656,846,184,1,93.99051666,470,9,16,470
Je51,subsp.fastidiosa,Grapes,Vitis vinifera,tree,1,WUS,CA,"USA, California, Napa valley, Veteran peak (nearby)",CA,38.4061,-122.3414,0.025935484,-1.586105645,2593548.387,6.413894355,14.65508366,14.40195847,52.48479462,494.8992004,30.33824921,2.898000002,27.44024849,8.710666656,20.45129204,20.66229248,8.710666656,846,184,1,93.99051666,470,9,16,470
Ann-1,subsp.sandyi,Oleander,Nerium oleander,tree,0,WUS,CA,"USA, California, Palm Springs",CA,33.8302961,-116.5452921,0,0,0,0,15.98270798,15.63004208,47.72969055,659.637146,34.29524994,1.54824996,32.74700165,9.203624725,21.54554176,24.41179085,8.526124954,421,72,2,71.60301208,205,24,50,202
Ann-1,subsp.sandyi,Oleander,Nerium oleander,tree,0,WUS,CA,"USA, California, Palm Springs",CA,33.8302961,-116.5452921,0,0,0,0,15.98270798,15.63004208,47.72969055,659.637146,34.29524994,1.54824996,32.74700165,9.203624725,21.54554176,24.41179085,8.526124954,421,72,2,71.60301208,205,24,50,202
Riv11,subsp.morus,Mulberry,Morus albus,tree,0,WUS,CA,"USA, California, Riverside",CA,33.9806005,-117.3754942,0,0,0,0,18.02050018,15.75041676,53.40346146,492.6359253,34.25925064,4.765999794,29.4932518,13.02124977,23.93124962,24.49766731,12.44354153,346,73,1,94.61168671,209,7,15,191
Riv11,subsp.morus,Mulberry,Morus albus,tree,0,WUS,CA,"USA, California, Riverside",CA,33.9806005,-117.3754942,0,0,0,0,18.02050018,15.75041676,53.40346146,492.6359253,34.25925064,4.765999794,29.4932518,13.02124977,23.93124962,24.49766731,12.44354153,346,73,1,94.61168671,209,7,15,191
Riv13,subsp.fastidiosa,redbud,Cercis occidentalis,tree,0,WUS,CA,"USA, California, Riverside",CA,33.9806005,-117.3754942,0.000000319,-6.496643394,31.86813187,1.503356606,18.02050018,15.75041676,53.40346146,492.6359253,34.25925064,4.765999794,29.4932518,13.02124977,23.93124962,24.49766731,12.44354153,346,73,1,94.61168671,209,7,15,191
Riv13,subsp.fastidiosa,redbud,Cercis occidentalis,tree,0,WUS,CA,"USA, California, Riverside",CA,33.9806005,-117.3754942,0.000000351,-6.455265348,35.05376344,1.544734652,18.02050018,15.75041676,53.40346146,492.6359253,34.25925064,4.765999794,29.4932518,13.02124977,23.93124962,24.49766731,12.44354153,346,73,1,94.61168671,209,7,15,191
Riv16,subsp.morus,Mulberry,Morus albus,tree,0,WUS,CA,"USA, California, Riverside",CA,33.9806005,-117.3754942,0,0,0,0,18.02050018,15.75041676,53.40346146,492.6359253,34.25925064,4.765999794,29.4932518,13.02124977,23.93124962,24.49766731,12.44354153,346,73,1,94.61168671,209,7,15,191
Riv16,subsp.morus,Mulberry,Morus albus,tree,0,WUS,CA,"USA, California, Riverside",CA,33.9806005,-117.3754942,0,0,0,0,18.02050018,15.75041676,53.40346146,492.6359253,34.25925064,4.765999794,29.4932518,13.02124977,23.93124962,24.49766731,12.44354153,346,73,1,94.61168671,209,7,15,191
Riv19,subsp.morus,Mulberry,Morus albus,tree,0,WUS,CA,"USA, California, Riverside",CA,33.9806005,-117.3754942,0.0000000635,-7.197280558,6.349206349,0.802719442,18.02050018,15.75041676,53.40346146,492.6359253,34.25925064,4.765999794,29.4932518,13.02124977,23.93124962,24.49766731,12.44354153,346,73,1,94.61168671,209,7,15,191
Riv19,subsp.morus,Mulberry,Morus albus,tree,0,WUS,CA,"USA, California, Riverside",CA,33.9806005,-117.3754942,0,0,0,0,18.02050018,15.75041676,53.40346146,492.6359253,34.25925064,4.765999794,29.4932518,13.02124977,23.93124962,24.49766731,12.44354153,346,73,1,94.61168671,209,7,15,191
Riv25,subsp.morus,Mulberry,Morus albus,tree,0,WUS,CA,"USA, California, Riverside",CA,33.9806005,-117.3754942,0,0,0,0,18.02050018,15.75041676,53.40346146,492.6359253,34.25925064,4.765999794,29.4932518,13.02124977,23.93124962,24.49766731,12.44354153,346,73,1,94.61168671,209,7,15,191
Riv25,subsp.morus,Mulberry,Morus albus,tree,0,WUS,CA,"USA, California, Riverside",CA,33.9806005,-117.3754942,0,0,0,0,18.02050018,15.75041676,53.40346146,492.6359253,34.25925064,4.765999794,29.4932518,13.02124977,23.93124962,24.49766731,12.44354153,346,73,1,94.61168671,209,7,15,191
Riv5,subsp.multiplex,Plum,Prunus cerasifera,tree,0,WUS,CA,"USA, California, Riverside",CA,33.9806005,-117.3754942,0,0,0,0,18.02050018,15.75041676,53.40346146,492.6359253,34.25925064,4.765999794,29.4932518,13.02124977,23.93124962,24.49766731,12.44354153,346,73,1,94.61168671,209,7,15,191
Riv5,subsp.multiplex,Plum,Prunus cerasifera,tree,0,WUS,CA,"USA, California, Riverside",CA,33.9806005,-117.3754942,0,0,0,0,18.02050018,15.75041676,53.40346146,492.6359253,34.25925064,4.765999794,29.4932518,13.02124977,23.93124962,24.49766731,12.44354153,346,73,1,94.61168671,209,7,15,191
RH1,subsp.multiplex,Olive,Olea europaea,tree,1,WUS,CA,"USA, California, San Diego",CA,32.715738,-117.1610838,0,0,0,0,18.07042503,11.47487068,54.70064545,342.7975159,28.46056747,7.482989788,20.97757721,14.51877117,21.81937218,22.60652924,14.1625433,301,61,1,91.02664185,176,6,10,154
RH1,subsp.multiplex,Olive,Olea europaea,tree,1,WUS,CA,"USA, California, San Diego",CA,32.715738,-117.1610838,0,0,0,0,18.07042503,11.47487068,54.70064545,342.7975159,28.46056747,7.482989788,20.97757721,14.51877117,21.81937218,22.60652924,14.1625433,301,61,1,91.02664185,176,6,10,154
ALS17T10,subsp.fastidiosa,Almonds,Prunus dulcis,tree,1,WUS,CA,"USA, California, San Joaquin",CA,37.93729,-121.277372,0.001946124,-2.710829534,194612.3811,5.289170466,16.24153137,14.63231182,47.0836792,613.5755615,33.54150009,2.464250088,31.07724953,10.336833,23.40449905,23.40449905,8.595541954,355,69,1,85.28139496,187,6,6,178
ALS17T10,subsp.fastidiosa,Almonds,Prunus dulcis,tree,1,WUS,CA,"USA, California, San Joaquin",CA,37.93729,-121.277372,0.007498942,-2.125,749894.2093,5.875,16.24153137,14.63231182,47.0836792,613.5755615,33.54150009,2.464250088,31.07724953,10.336833,23.40449905,23.40449905,8.595541954,355,69,1,85.28139496,187,6,6,178
ALS17T9,subsp.fastidiosa,Almonds,Prunus dulcis,tree,1,WUS,CA,"USA, California, San Joaquin",CA,37.93729,-121.277372,0.000177941,-3.749724902,17794.06193,4.250275098,16.24153137,14.63231182,47.0836792,613.5755615,33.54150009,2.464250088,31.07724953,10.336833,23.40449905,23.40449905,8.595541954,355,69,1,85.28139496,187,6,6,178
ALS17T9,subsp.fastidiosa,Almonds,Prunus dulcis,tree,1,WUS,CA,"USA, California, San Joaquin",CA,37.93729,-121.277372,0.062737384,-1.202473595,6273738.393,6.797526405,16.24153137,14.63231182,47.0836792,613.5755615,33.54150009,2.464250088,31.07724953,10.336833,23.40449905,23.40449905,8.595541954,355,69,1,85.28139496,187,6,6,178
ALS6,subsp.multiplex,Almonds,Prunus dulcis,tree,1,WUS,CA,"USA, California, San Joaquin",CA,37.9175935,-121.1710389,0.001161111,-2.935126219,116111.1111,5.064873781,16.24153137,14.63231182,47.0836792,613.5755615,33.54150009,2.464250088,31.07724953,10.336833,23.40449905,23.40449905,8.595541954,355,69,1,85.28139496,187,6,6,178
ALS6,subsp.multiplex,Almonds,Prunus dulcis,tree,1,WUS,CA,"USA, California, San Joaquin",CA,37.9175935,-121.1710389,0.001799127,-2.744938266,179912.6638,5.255061734,16.24153137,14.63231182,47.0836792,613.5755615,33.54150009,2.464250088,31.07724953,10.336833,23.40449905,23.40449905,8.595541954,355,69,1,85.28139496,187,6,6,178
SLO,subsp.fastidiosa,Grapes,Vitis vinifera,tree,1,WUS,CA,"USA, California, San Luis Ovispo",CA,35.2828,-120.6596,0.02598,-1.585360853,2598000,6.414639147,14.51441669,14.54341698,60.96143341,340.9223328,27.20400047,3.347249985,23.85675049,11.02970791,18.38795853,18.89025116,10.58970833,565,119,1,97.78701782,338,5,13,320
SLO,subsp.fastidiosa,Grapes,Vitis vinifera,tree,1,WUS,CA,"USA, California, San Luis Ovispo",CA,35.2828,-120.6596,0.21161,-0.674463813,21161000,7.325536187,14.51441669,14.54341698,60.96143341,340.9223328,27.20400047,3.347249985,23.85675049,11.02970791,18.38795853,18.89025116,10.58970833,565,119,1,97.78701782,338,5,13,320
Je4,subsp.fastidiosa,Grapes,Vitis vinifera,tree,1,WUS,CA,"USA, California, Santa Barbara, Cebada Canyon road",CA,34.6649,-120.3531,0.000678652,-3.168353068,67865.16854,4.831646932,14.51926041,12.94652081,64.51888275,255.2073975,24.84900093,4.78275013,20.06624985,11.90608311,17.00891685,17.79283333,11.68449974,469,94,0,95.19831848,270,4,10,256
Je4,subsp.fastidiosa,Grapes,Vitis vinifera,tree,1,WUS,CA,"USA, California, Santa Barbara, Cebada Canyon road",CA,34.6649,-120.3531,0.001679389,-2.774848615,167938.9313,5.225151385,14.51926041,12.94652081,64.51888275,255.2073975,24.84900093,4.78275013,20.06624985,11.90608311,17.00891685,17.79283333,11.68449974,469,94,0,95.19831848,270,4,10,256
Je1,subsp.fastidiosa,Grapes,Vitis vinifera,tree,1,WUS,CA,"USA, California, Santa Barbara, Lompoc",CA,34.655,-120.336,0.005172,-2.286341484,517200,5.713658516,14.51926041,12.94652081,64.51888275,255.2073975,24.84900093,4.78275013,20.06624985,11.90608311,17.00891685,17.79283333,11.68449974,469,94,0,95.19831848,270,4,10,256
Je1,subsp.fastidiosa,Grapes,Vitis vinifera,tree,1,WUS,CA,"USA, California, Santa Barbara, Lompoc",CA,34.655,-120.336,0.05669,-1.246493543,5669000,6.753506457,14.51926041,12.94652081,64.51888275,255.2073975,24.84900093,4.78275013,20.06624985,11.90608311,17.00891685,17.79283333,11.68449974,469,94,0,95.19831848,270,4,10,256
Dixon,subsp.multiplex,Almonds,Prunus dulcis,tree,1,WUS,CA,"USA, California, Solano",CA,36.778261,-119.4179324,0,0,0,0,17.54601097,14.60822868,42.97833633,727.5754395,36.88774872,2.898000002,33.98974991,10.55870819,26.515625,26.515625,8.975667,406,78,0,86.35752106,221,5,5,207
Dixon,subsp.multiplex,Almonds,Prunus dulcis,tree,1,WUS,CA,"USA, California, Solano",CA,36.778261,-119.4179324,0,0,0,0,17.54601097,14.60822868,42.97833633,727.5754395,36.88774872,2.898000002,33.98974991,10.55870819,26.515625,26.515625,8.975667,406,78,0,86.35752106,221,5,5,207
Je13,subsp.fastidiosa,Grapes,Vitis vinifera,tree,1,WUS,CA,"USA, California, Sonoma, Bradford Mountain",CA,38.6853,-122.9517,0.0035,-2.455931956,350000,5.544068044,14.49917698,15.067729,52.78819275,508.0182495,31.17849922,2.634749889,28.54374886,8.619625092,20.5253334,20.91449928,8.619625092,1022,220,2,93.71731567,562,11,21,562
Je13,subsp.fastidiosa,Grapes,Vitis vinifera,tree,1,WUS,CA,"USA, California, Sonoma, Bradford Mountain",CA,38.6853,-122.9517,0.009773585,-2.00994611,977358.4906,5.99005389,14.49917698,15.067729,52.78819275,508.0182495,31.17849922,2.634749889,28.54374886,8.619625092,20.5253334,20.91449928,8.619625092,1022,220,2,93.71731567,562,11,21,562
Je17,subsp.fastidiosa,Grapes,Vitis vinifera,tree,1,WUS,CA,"USA, California, Sonoma, Bradford Mountain",CA,38.6853,-122.9517,0.167924528,-0.774885863,16792452.83,7.225114137,14.49917698,15.067729,52.78819275,508.0182495,31.17849922,2.634749889,28.54374886,8.619625092,20.5253334,20.91449928,8.619625092,1022,220,2,93.71731567,562,11,21,562
Je17,subsp.fastidiosa,Grapes,Vitis vinifera,tree,1,WUS,CA,"USA, California, Sonoma, Bradford Mountain",CA,38.6853,-122.9517,0.129032258,0.110698297,12903225.81,7.110698297,14.49917698,15.067729,52.78819275,508.0182495,31.17849922,2.634749889,28.54374886,8.619625092,20.5253334,20.91449928,8.619625092,1022,220,2,93.71731567,562,11,21,562
Je92,subsp.fastidiosa,Grapes,Vitis vinifera,tree,1,WUS,CA,"USA, California, Sonoma, Porter Creek",CA,38.5178,-122.8912,0.002555556,-2.592514673,255555.5556,5.407485327,14.32007313,14.33114624,55.47075272,442.2766724,28.92700005,3.091500044,25.83550072,8.981833458,19.39795876,19.68133354,8.981833458,1056,226,2,94.10192108,581,11,20,581
Je92,subsp.fastidiosa,Grapes,Vitis vinifera,tree,1,WUS,CA,"USA, California, Sonoma, Porter Creek",CA,38.5178,-122.8912,0.007423868,-2.12936974,742386.8313,5.87063026,14.32007313,14.33114624,55.47075272,442.2766724,28.92700005,3.091500044,25.83550072,8.981833458,19.39795876,19.68133354,8.981833458,1056,226,2,94.10192108,581,11,20,581
Temecula1,subsp.fastidiosa,Grapes,Vitis vinifera,tree,1,WUS,CA,"USA, California, Temecula",CA,33.487007,-117.143784,0.0004758,-3.322575562,47580,4.677424438,17.14003181,15.55718708,52.93135834,491.1556702,33.52399826,4.132750034,29.3912487,12.10054207,22.84358215,23.73245811,11.68016624,354,69,2,85.6404953,194,10,20,184
Temecula1Star,subsp.fastidiosa,Grapes,Vitis vinifera,tree,1,WUS,CA,"USA, California, Temecula",CA,33.487007,-117.143784,0.0002154,-3.666754301,21540,4.333245699,17.14003181,15.55718708,52.93135834,491.1556702,33.52399826,4.132750034,29.3912487,12.10054207,22.84358215,23.73245811,11.68016624,354,69,2,85.6404953,194,10,20,184
TemeculaL,subsp.fastidiosa,Grapes,Vitis vinifera,tree,1,WUS,CA,"USA, California, Temecula",CA,33.4934243,-117.1488156,0.00000228,-5.642554446,227.7432712,2.357445554,17.14003181,15.55718708,52.93135834,491.1556702,33.52399826,4.132750034,29.3912487,12.10054207,22.84358215,23.73245811,11.68016624,354,69,2,85.6404953,194,10,20,184
TemeculaL,subsp.fastidiosa,Grapes,Vitis vinifera,tree,1,WUS,CA,"USA, California, Temecula",CA,33.4934243,-117.1488156,0.00000528,-5.277117838,528.3018868,2.722882162,17.14003181,15.55718708,52.93135834,491.1556702,33.52399826,4.132750034,29.3912487,12.10054207,22.84358215,23.73245811,11.68016624,354,69,2,85.6404953,194,10,20,184
TemeculaL,subsp.fastidiosa,Grapes,Vitis vinifera,tree,1,WUS,CA,"USA, California, Temecula",CA,33.4934243,-117.1488156,0.0000397,-4.401267952,3969.465649,3.598732048,17.14003181,15.55718708,52.93135834,491.1556702,33.52399826,4.132750034,29.3912487,12.10054207,22.84358215,23.73245811,11.68016624,354,69,2,85.6404953,194,10,20,184
TemeculaL,subsp.fastidiosa,Grapes,Vitis vinifera,tree,1,WUS,CA,"USA, California, Temecula",CA,33.4934243,-117.1488156,0.000177778,-3.750122527,17777.77778,4.249877473,17.14003181,15.55718708,52.93135834,491.1556702,33.52399826,4.132750034,29.3912487,12.10054207,22.84358215,23.73245811,11.68016624,354,69,2,85.6404953,194,10,20,184
TemeculaL,subsp.fastidiosa,Grapes,Vitis vinifera,tree,1,WUS,CA,"USA, California, Temecula",CA,33.4934243,-117.1488156,0.000346457,-3.460351044,34645.66929,4.539648956,17.14003181,15.55718708,52.93135834,491.1556702,33.52399826,4.132750034,29.3912487,12.10054207,22.84358215,23.73245811,11.68016624,354,69,2,85.6404953,194,10,20,184
TemeculaL,subsp.fastidiosa,Grapes,Vitis vinifera,tree,1,WUS,CA,"USA, California, Temecula",CA,33.4934243,-117.1488156,0.000751351,-3.124156928,75135.13514,4.875843072,17.14003181,15.55718708,52.93135834,491.1556702,33.52399826,4.132750034,29.3912487,12.10054207,22.84358215,23.73245811,11.68016624,354,69,2,85.6404953,194,10,20,184
TemeculaL,subsp.fastidiosa,Grapes,Vitis vinifera,tree,1,WUS,CA,"USA, California, Temecula",CA,33.4934243,-117.1488156,0.001511171,-2.820686507,151117.0589,5.179313493,17.14003181,15.55718708,52.93135834,491.1556702,33.52399826,4.132750034,29.3912487,12.10054207,22.84358215,23.73245811,11.68016624,354,69,2,85.6404953,194,10,20,184
TemeculaL,subsp.fastidiosa,Grapes,Vitis vinifera,tree,1,WUS,CA,"USA, California, Temecula",CA,33.4934243,-117.1488156,0.001561,-2.806597097,156100,5.193402903,17.14003181,15.55718708,52.93135834,491.1556702,33.52399826,4.132750034,29.3912487,12.10054207,22.84358215,23.73245811,11.68016624,354,69,2,85.6404953,194,10,20,184
TemeculaL,subsp.fastidiosa,Grapes,Vitis vinifera,tree,1,WUS,CA,"USA, California, Temecula",CA,33.4934243,-117.1488156,0.001603993,-2.794797438,160399.3344,5.205202562,17.14003181,15.55718708,52.93135834,491.1556702,33.52399826,4.132750034,29.3912487,12.10054207,22.84358215,23.73245811,11.68016624,354,69,2,85.6404953,194,10,20,184
TemeculaL,subsp.fastidiosa,Grapes,Vitis vinifera,tree,1,WUS,CA,"USA, California, Temecula",CA,33.4934243,-117.1488156,0.0017767,-2.750385898,177670,5.249614102,17.14003181,15.55718708,52.93135834,491.1556702,33.52399826,4.132750034,29.3912487,12.10054207,22.84358215,23.73245811,11.68016624,354,69,2,85.6404953,194,10,20,184
TemeculaL,subsp.fastidiosa,Grapes,Vitis vinifera,tree,1,WUS,CA,"USA, California, Temecula",CA,33.4934243,-117.1488156,0.00191018,-2.718925788,191017.9641,5.281074212,17.14003181,15.55718708,52.93135834,491.1556702,33.52399826,4.132750034,29.3912487,12.10054207,22.84358215,23.73245811,11.68016624,354,69,2,85.6404953,194,10,20,184
TemeculaL,subsp.fastidiosa,Grapes,Vitis vinifera,tree,1,WUS,CA,"USA, California, Temecula",CA,33.4934243,-117.1488156,0.001914286,-2.717993242,191428.5714,5.282006758,17.14003181,15.55718708,52.93135834,491.1556702,33.52399826,4.132750034,29.3912487,12.10054207,22.84358215,23.73245811,11.68016624,354,69,2,85.6404953,194,10,20,184
TemeculaL,subsp.fastidiosa,Grapes,Vitis vinifera,tree,1,WUS,CA,"USA, California, Temecula",CA,33.4934243,-117.1488156,0.002254682,-2.64691477,225468.1648,5.35308523,17.14003181,15.55718708,52.93135834,491.1556702,33.52399826,4.132750034,29.3912487,12.10054207,22.84358215,23.73245811,11.68016624,354,69,2,85.6404953,194,10,20,184
TemeculaL,subsp.fastidiosa,Grapes,Vitis vinifera,tree,1,WUS,CA,"USA, California, Temecula",CA,33.4934243,-117.1488156,0.002397,-2.620331966,239700,5.379668034,17.14003181,15.55718708,52.93135834,491.1556702,33.52399826,4.132750034,29.3912487,12.10054207,22.84358215,23.73245811,11.68016624,354,69,2,85.6404953,194,10,20,184
TemeculaL,subsp.fastidiosa,Grapes,Vitis vinifera,tree,1,WUS,CA,"USA, California, Temecula",CA,33.4934243,-117.1488156,0.002397,-2.620331966,239700,5.379668034,17.14003181,15.55718708,52.93135834,491.1556702,33.52399826,4.132750034,29.3912487,12.10054207,22.84358215,23.73245811,11.68016624,354,69,2,85.6404953,194,10,20,184
TemeculaL,subsp.fastidiosa,Grapes,Vitis vinifera,tree,1,WUS,CA,"USA, California, Temecula",CA,33.4934243,-117.1488156,0.00273,-2.563837353,273000,5.436162647,17.14003181,15.55718708,52.93135834,491.1556702,33.52399826,4.132750034,29.3912487,12.10054207,22.84358215,23.73245811,11.68016624,354,69,2,85.6404953,194,10,20,184
TemeculaL,subsp.fastidiosa,Grapes,Vitis vinifera,tree,1,WUS,CA,"USA, California, Temecula",CA,33.4934243,-117.1488156,0.002758621,-2.559308011,275862.069,5.440691989,17.14003181,15.55718708,52.93135834,491.1556702,33.52399826,4.132750034,29.3912487,12.10054207,22.84358215,23.73245811,11.68016624,354,69,2,85.6404953,194,10,20,184
TemeculaL,subsp.fastidiosa,Grapes,Vitis vinifera,tree,1,WUS,CA,"USA, California, Temecula",CA,33.4934243,-117.1488156,0.002776667,-2.556476253,277666.6667,5.443523747,17.14003181,15.55718708,52.93135834,491.1556702,33.52399826,4.132750034,29.3912487,12.10054207,22.84358215,23.73245811,11.68016624,354,69,2,85.6404953,194,10,20,184
TemeculaL,subsp.fastidiosa,Grapes,Vitis vinifera,tree,1,WUS,CA,"USA, California, Temecula",CA,33.4934243,-117.1488156,0.002826,-2.548827842,282600,5.451172158,17.14003181,15.55718708,52.93135834,491.1556702,33.52399826,4.132750034,29.3912487,12.10054207,22.84358215,23.73245811,11.68016624,354,69,2,85.6404953,194,10,20,184
TemeculaL,subsp.fastidiosa,Grapes,Vitis vinifera,tree,1,WUS,CA,"USA, California, Temecula",CA,33.4934243,-117.1488156,0.003142857,-2.502675359,314285.7143,5.497324641,17.14003181,15.55718708,52.93135834,491.1556702,33.52399826,4.132750034,29.3912487,12.10054207,22.84358215,23.73245811,11.68016624,354,69,2,85.6404953,194,10,20,184
TemeculaL,subsp.fastidiosa,Grapes,Vitis vinifera,tree,1,WUS,CA,"USA, California, Temecula",CA,33.4934243,-117.1488156,0.003238994,-2.489589895,323899.3711,5.510410105,17.14003181,15.55718708,52.93135834,491.1556702,33.52399826,4.132750034,29.3912487,12.10054207,22.84358215,23.73245811,11.68016624,354,69,2,85.6404953,194,10,20,184
TemeculaL,subsp.fastidiosa,Grapes,Vitis vinifera,tree,1,WUS,CA,"USA, California, Temecula",CA,33.4934243,-117.1488156,0.003787966,-2.421593972,378796.5616,5.578406028,17.14003181,15.55718708,52.93135834,491.1556702,33.52399826,4.132750034,29.3912487,12.10054207,22.84358215,23.73245811,11.68016624,354,69,2,85.6404953,194,10,20,184
TemeculaL,subsp.fastidiosa,Grapes,Vitis vinifera,tree,1,WUS,CA,"USA, California, Temecula",CA,33.4934243,-117.1488156,0.0042,-2.37675071,420000,5.62324929,17.14003181,15.55718708,52.93135834,491.1556702,33.52399826,4.132750034,29.3912487,12.10054207,22.84358215,23.73245811,11.68016624,354,69,2,85.6404953,194,10,20,184
TemeculaL,subsp.fastidiosa,Grapes,Vitis vinifera,tree,1,WUS,CA,"USA, California, Temecula",CA,33.4934243,-117.1488156,0.004576923,-2.339426387,457692.3077,5.660573613,17.14003181,15.55718708,52.93135834,491.1556702,33.52399826,4.132750034,29.3912487,12.10054207,22.84358215,23.73245811,11.68016624,354,69,2,85.6404953,194,10,20,184
TemeculaL,subsp.fastidiosa,Grapes,Vitis vinifera,tree,1,WUS,CA,"USA, California, Temecula",CA,33.4934243,-117.1488156,0.005115789,-2.291087336,511578.9474,5.708912664,17.14003181,15.55718708,52.93135834,491.1556702,33.52399826,4.132750034,29.3912487,12.10054207,22.84358215,23.73245811,11.68016624,354,69,2,85.6404953,194,10,20,184
TemeculaL,subsp.fastidiosa,Grapes,Vitis vinifera,tree,1,WUS,CA,"USA, California, Temecula",CA,33.4934243,-117.1488156,0.005937107,-2.22642513,593710.6918,5.77357487,17.14003181,15.55718708,52.93135834,491.1556702,33.52399826,4.132750034,29.3912487,12.10054207,22.84358215,23.73245811,11.68016624,354,69,2,85.6404953,194,10,20,184
TemeculaL,subsp.fastidiosa,Grapes,Vitis vinifera,tree,1,WUS,CA,"USA, California, Temecula",CA,33.4934243,-117.1488156,0.006,-2.22184875,600000,5.77815125,17.14003181,15.55718708,52.93135834,491.1556702,33.52399826,4.132750034,29.3912487,12.10054207,22.84358215,23.73245811,11.68016624,354,69,2,85.6404953,194,10,20,184
TemeculaL,subsp.fastidiosa,Grapes,Vitis vinifera,tree,1,WUS,CA,"USA, California, Temecula",CA,33.4934243,-117.1488156,0.006108787,-2.214045045,610878.6611,5.785954955,17.14003181,15.55718708,52.93135834,491.1556702,33.52399826,4.132750034,29.3912487,12.10054207,22.84358215,23.73245811,11.68016624,354,69,2,85.6404953,194,10,20,184
TemeculaL,subsp.fastidiosa,Grapes,Vitis vinifera,tree,1,WUS,CA,"USA, California, Temecula",CA,33.4934243,-117.1488156,0.006468401,-2.189203032,646840.1487,5.810796968,17.14003181,15.55718708,52.93135834,491.1556702,33.52399826,4.132750034,29.3912487,12.10054207,22.84358215,23.73245811,11.68016624,354,69,2,85.6404953,194,10,20,184
TemeculaL,subsp.fastidiosa,Grapes,Vitis vinifera,tree,1,WUS,CA,"USA, California, Temecula",CA,33.4934243,-117.1488156,0.006567901,-2.182573387,656790.1235,5.817426613,17.14003181,15.55718708,52.93135834,491.1556702,33.52399826,4.132750034,29.3912487,12.10054207,22.84358215,23.73245811,11.68016624,354,69,2,85.6404953,194,10,20,184
TemeculaL,subsp.fastidiosa,Grapes,Vitis vinifera,tree,1,WUS,CA,"USA, California, Temecula",CA,33.4934243,-117.1488156,0.007261364,-2.138981814,726136.3636,5.861018186,17.14003181,15.55718708,52.93135834,491.1556702,33.52399826,4.132750034,29.3912487,12.10054207,22.84358215,23.73245811,11.68016624,354,69,2,85.6404953,194,10,20,184
TemeculaL,subsp.fastidiosa,Grapes,Vitis vinifera,tree,1,WUS,CA,"USA, California, Temecula",CA,33.4934243,-117.1488156,0.007346341,-2.133928889,734634.1463,5.866071111,17.14003181,15.55718708,52.93135834,491.1556702,33.52399826,4.132750034,29.3912487,12.10054207,22.84358215,23.73245811,11.68016624,354,69,2,85.6404953,194,10,20,184
TemeculaL,subsp.fastidiosa,Grapes,Vitis vinifera,tree,1,WUS,CA,"USA, California, Temecula",CA,33.4934243,-117.1488156,0.008522388,-2.069438694,852238.806,5.930561306,17.14003181,15.55718708,52.93135834,491.1556702,33.52399826,4.132750034,29.3912487,12.10054207,22.84358215,23.73245811,11.68016624,354,69,2,85.6404953,194,10,20,184
TemeculaL,subsp.fastidiosa,Grapes,Vitis vinifera,tree,1,WUS,CA,"USA, California, Temecula",CA,33.4934243,-117.1488156,0.023297989,-1.63268156,2329798.923,6.36731844,17.14003181,15.55718708,52.93135834,491.1556702,33.52399826,4.132750034,29.3912487,12.10054207,22.84358215,23.73245811,11.68016624,354,69,2,85.6404953,194,10,20,184
TemeculaL,subsp.fastidiosa,Grapes,Vitis vinifera,tree,1,WUS,CA,"USA, California, Temecula",CA,33.4934243,-117.1488156,0.027223881,-1.565049969,2722388.06,6.434950031,17.14003181,15.55718708,52.93135834,491.1556702,33.52399826,4.132750034,29.3912487,12.10054207,22.84358215,23.73245811,11.68016624,354,69,2,85.6404953,194,10,20,184
TemeculaL,subsp.fastidiosa,Grapes,Vitis vinifera,tree,1,WUS,CA,"USA, California, Temecula",CA,33.4934243,-117.1488156,0.034375,-1.463757293,3437500,6.536242707,17.14003181,15.55718708,52.93135834,491.1556702,33.52399826,4.132750034,29.3912487,12.10054207,22.84358215,23.73245811,11.68016624,354,69,2,85.6404953,194,10,20,184
Je118,subsp.fastidiosa,Grapes,Vitis vinifera,tree,1,WUS,CA,"USA, California, Temecula, Avenida Arriba",CA,33.5587,-117.0114,0.000858824,-3.066096066,85882.35294,4.933903934,17.74982262,17.73135376,53.2309227,554.2678833,36.37350082,3.063250065,33.31024933,12.07304096,24.32508469,25.06079102,11.47974968,334,65,2,85.19547272,185,11,21,174
Je118,subsp.fastidiosa,Grapes,Vitis vinifera,tree,1,WUS,CA,"USA, California, Temecula, Avenida Arriba",CA,33.5587,-117.0114,0.001420513,-2.847554842,142051.2821,5.152445158,17.74982262,17.73135376,53.2309227,554.2678833,36.37350082,3.063250065,33.31024933,12.07304096,24.32508469,25.06079102,11.47974968,334,65,2,85.19547272,185,11,21,174
Je103,subsp.fastidiosa,Grapes,Vitis vinifera,tree,1,WUS,CA,"USA, California, Temecula, Vista de Oro road",CA,33.5381,-117.0879,0.002039474,-2.690481894,203947.3684,5.309518106,17.74982262,17.73135376,53.2309227,554.2678833,36.37350082,3.063250065,33.31024933,12.07304096,24.32508469,25.06079102,11.47974968,334,65,2,85.19547272,185,11,21,174
Je103,subsp.fastidiosa,Grapes,Vitis vinifera,tree,1,WUS,CA,"USA, California, Temecula, Vista de Oro road",CA,33.5381,-117.0879,0.002539535,-2.595245817,253953.4884,5.404754183,17.74982262,17.73135376,53.2309227,554.2678833,36.37350082,3.063250065,33.31024933,12.07304096,24.32508469,25.06079102,11.47974968,334,65,2,85.19547272,185,11,21,174
Fillmore,subsp.multiplex,Olive,Olea europaea,tree,1,WUS,CA,"USA, California, Ventura",CA,34.2804923,-119.2945199,0,0,0,0,16.06518745,12.26018524,61.79037476,280.4782715,25.93512535,6.093548298,19.84157753,13.08841038,19.02903175,19.7030468,12.8771801,403,95,0,107.4979706,262,2,6,242
Fillmore,subsp.multiplex,Olive,Olea europaea,tree,1,WUS,CA,"USA, California, Ventura",CA,34.2804923,-119.2945199,0,0,0,0,16.06518745,12.26018524,61.79037476,280.4782715,25.93512535,6.093548298,19.84157753,13.08841038,19.02903175,19.7030468,12.8771801,403,95,0,107.4979706,262,2,6,242
CFBP7970,subsp.fastidiosa,Grapes,Vitis vinifera,tree,1,SEUS,FL,"USA, Florida",FL,27.6648274,-81.5157535,0,0,0,0,22.40246773,12.74281216,52.97420502,435.7884521,33.32624817,9.271499634,24.05474854,27.28612518,17.87041664,27.31458282,16.77129173,1230,200,44,58.83487701,566,150,524,172
CFBP7970,subsp.fastidiosa,Grapes,Vitis vinifera,tree,1,SEUS,FL,"USA, Florida",FL,27.6648274,-81.5157535,0,0,0,0,22.40246773,12.74281216,52.97420502,435.7884521,33.32624817,9.271499634,24.05474854,27.28612518,17.87041664,27.31458282,16.77129173,1230,200,44,58.83487701,566,150,524,172
CFBP7970,subsp.fastidiosa,Grapes,Vitis vinifera,tree,1,SEUS,FL,"USA, Florida",FL,27.6648274,-81.5157535,0,0,0,0,22.40246773,12.74281216,52.97420502,435.7884521,33.32624817,9.271499634,24.05474854,27.28612518,17.87041664,27.31458282,16.77129173,1230,200,44,58.83487701,566,150,524,172
CFBP7970,subsp.fastidiosa,Grapes,Vitis vinifera,tree,1,SEUS,FL,"USA, Florida",FL,27.6648274,-81.5157535,0,0,0,0,22.40246773,12.74281216,52.97420502,435.7884521,33.32624817,9.271499634,24.05474854,27.28612518,17.87041664,27.31458282,16.77129173,1230,200,44,58.83487701,566,150,524,172
CFBP8082,subsp.fastidiosa,Ragweed,Ambrosia artemifolia,herb,0,SEUS,FL,"USA, Florida",FL,27.6648274,-81.5157535,0,0,0,0,22.40246773,12.74281216,52.97420502,435.7884521,33.32624817,9.271499634,24.05474854,27.28612518,17.87041664,27.31458282,16.77129173,1230,200,44,58.83487701,566,150,524,172
CFBP8082,subsp.fastidiosa,Ragweed,Ambrosia artemifolia,herb,0,SEUS,FL,"USA, Florida",FL,27.6648274,-81.5157535,0,0,0,0,22.40246773,12.74281216,52.97420502,435.7884521,33.32624817,9.271499634,24.05474854,27.28612518,17.87041664,27.31458282,16.77129173,1230,200,44,58.83487701,566,150,524,172
CFBP8082,subsp.fastidiosa,ragweed,Ambrosia artemifolia,herb,0,SEUS,FL,"USA, Florida",FL,27.6648274,-81.5157535,0,0,0,0,22.40246773,12.74281216,52.97420502,435.7884521,33.32624817,9.271499634,24.05474854,27.28612518,17.87041664,27.31458282,16.77129173,1230,200,44,58.83487701,566,150,524,172
Oak92-10,subsp.multiplex,pecan,Quercus nigra,tree,0,SEUS,FL,"USA, Florida, Lake",FL,28.702847,-81.7787021,0,0,0,0,21.65377045,11.75224972,48.33432388,486.8363037,33.0320015,8.717499733,24.31450272,27.19062424,19.41187477,27.19062424,15.37599945,1261,179,56,47.60083389,533,180,533,211
Oak92-10,subsp.multiplex,pecan,Quercus nigra,tree,0,SEUS,FL,"USA, Florida, Lake",FL,28.702847,-81.7787021,0,0,0,0,21.65377045,11.75224972,48.33432388,486.8363037,33.0320015,8.717499733,24.31450272,27.19062424,19.41187477,27.19062424,15.37599945,1261,179,56,47.60083389,533,180,533,211
EB92-1,subsp.fastidiosa,Elderberry,Sambucus spp.,tree,1,SEUS,FL,"USA, Florida, Lake, Leesburg",FL,28.810823,-81.8778582,0.00010365,-3.984430694,10365,4.015569306,21.61052132,12.63787556,50.15527344,491.1455078,33.28025055,8.08275032,25.19750023,27.19379234,19.34645844,27.19379234,15.28083324,1271,180,57,46.83074951,535,181,535,218
L95-1,subsp.multiplex,lupinus,Lupinus aridonum,herb,0,SEUS,FL,"USA, Florida, Orange",FL,28.4844995,-81.2518833,0.01454,-1.837435593,1454000,6.162564407,22.13664627,11.71879196,49.04081345,457.6899719,32.98574829,9.08975029,23.895998,27.31987381,17.33354187,27.31987381,16.20879173,1236,183,47,53.05994415,542,167,542,184
L95-1,subsp.multiplex,lupinus,Lupinus aridonum,herb,0,SEUS,FL,"USA, Florida, Orange",FL,28.4844995,-81.2518833,0.042,-1.37675071,4200000,6.62324929,22.13664627,11.71879196,49.04081345,457.6899719,32.98574829,9.08975029,23.895998,27.31987381,17.33354187,27.31987381,16.20879173,1236,183,47,53.05994415,542,167,542,184
L95-1,subsp.multiplex,lupinus,Lupinus aridonum,herb,0,SEUS,FL,"USA, Florida, Orange",FL,28.4844995,-81.2518833,0.07996,-1.097127215,7996000,6.902872785,22.13664627,11.71879196,49.04081345,457.6899719,32.98574829,9.08975029,23.895998,27.31987381,17.33354187,27.31987381,16.20879173,1236,183,47,53.05994415,542,167,542,184
BB08-1,subsp.multiplex,Blueberry,Vaccinium spp.,tree,1,SEUS,FL,"USA, Florida, Palatka, Putnam",FL,29.6590351,-81.6492489,0.0000363,-4.440452444,3627,3.559547556,20.74843788,11.55741692,45.46315765,521.4419556,32.63050079,7.209000111,25.42150116,26.7280426,18.19220734,26.7280426,14.01345825,1276,174,60,41.80640411,503,205,503,234
AlmaEM3,subsp.multiplex,Blueberry,Vaccinium spp.,tree,1,SEUS,GA,"USA, Georgia",GA,31.5393701,-82.4623557,0.0000748,-4.126098402,7480,3.873901598,19.07513618,13.52352142,44.61846161,647.9072876,33.74575043,3.436500072,30.30924988,26.77379227,19.83104134,26.77379227,10.80437565,1231,156,59,29.9387989,432,202,432,312
GAplum,subsp.multiplex,Plum,Prunus sp.,tree,1,SEUS,GA,"USA, Georgia",GA,32.1656221,-82.9000751,0,0,0,0,18.53133392,13.29008389,43.07201004,681.7280273,33.60749817,2.752000093,30.85549736,26.67929077,19.16858292,26.67929077,9.877124786,1152,125,57,22.66762924,349,202,349,317
Red_Oak_2,subsp.multiplex,Oak,Quercus rubra,tree,1,SEUS,GA,"USA, Georgia",GA,32.1656221,-82.9000751,0,0,0,0,18.53133392,13.29008389,43.07201004,681.7280273,33.60749817,2.752000093,30.85549736,26.67929077,19.16858292,26.67929077,9.877124786,1152,125,57,22.66762924,349,202,349,317
Red_Oak_2,subsp.multiplex,Oak,Quercus rubra,tree,1,SEUS,GA,"USA, Georgia",GA,32.1656221,-82.9000751,0,0,0,0,18.53133392,13.29008389,43.07201004,681.7280273,33.60749817,2.752000093,30.85549736,26.67929077,19.16858292,26.67929077,9.877124786,1152,125,57,22.66762924,349,202,349,317
Alma311,subsp.multiplex,Blueberry,Vaccinium spp.,tree,1,SEUS,GA,"USA, Georgia, Alma, Bacon",GA,31.5393701,-82.4623557,0,0,0,0,19.07513618,13.52352142,44.61846161,647.9072876,33.74575043,3.436500072,30.30924988,26.77379227,19.83104134,26.77379227,10.80437565,1231,156,59,29.9387989,432,202,432,312
Alma311,subsp.multiplex,Blueberry,Vaccinium spp.,tree,1,SEUS,GA,"USA, Georgia, Alma, Bacon",GA,31.5393701,-82.4623557,0,0,0,0,19.07513618,13.52352142,44.61846161,647.9072876,33.74575043,3.436500072,30.30924988,26.77379227,19.83104134,26.77379227,10.80437565,1231,156,59,29.9387989,432,202,432,312
BBI10,subsp.multiplex,Blueberry,Vaccinium spp.,tree,1,SEUS,GA,"USA, Georgia, Alma, Bacon",GA,31.5393701,-82.4623557,0,0,0,0,19.07513618,13.52352142,44.61846161,647.9072876,33.74575043,3.436500072,30.30924988,26.77379227,19.83104134,26.77379227,10.80437565,1231,156,59,29.9387989,432,202,432,312
BBI10,subsp.multiplex,Blueberry,Vaccinium spp.,tree,1,SEUS,GA,"USA, Georgia, Alma, Bacon",GA,31.5393701,-82.4623557,0,0,0,0,19.07513618,13.52352142,44.61846161,647.9072876,33.74575043,3.436500072,30.30924988,26.77379227,19.83104134,26.77379227,10.80437565,1231,156,59,29.9387989,432,202,432,312
4rd+1,subsp.multiplex,sycamore,Platanus occidentalis,tree,0,SEUS,GA,"USA, Georgia, Athens-Clarke",GA,33.9519347,-83.357567,0,0,0,0,16.46068764,12.76891613,39.39442825,747.34729,32.56900024,0.156000003,32.41300201,8.626625061,16.97183418,25.52745819,7.029541492,1263,140,84,15.80567741,379,259,312,343
4rd+1,subsp.multiplex,sycamore,Platanus occidentalis,tree,0,SEUS,GA,"USA, Georgia, Athens-Clarke",GA,33.9519347,-83.357567,0,0,0,0,16.46068764,12.76891613,39.39442825,747.34729,32.56900024,0.156000003,32.41300201,8.626625061,16.97183418,25.52745819,7.029541492,1263,140,84,15.80567741,379,259,312,343
AlmaReb2,subsp.fastidiosa,Blueberry,Vaccinium spp.,tree,1,SEUS,GA,"USA, Georgia, Bacon, Blake Williams Farm",GA,32.1656221,-82.9000751,0.006816327,-2.166449613,681632.6531,5.833550387,18.53133392,13.29008389,43.07201004,681.7280273,33.60749817,2.752000093,30.85549736,26.67929077,19.16858292,26.67929077,9.877124786,1152,125,57,22.66762924,349,202,349,317
AlmaReb2,subsp.fastidiosa,Blueberry,Vaccinium spp.,tree,1,SEUS,GA,"USA, Georgia, Bacon, Blake Williams Farm",GA,32.1656221,-82.9000751,0.007649123,-2.116388366,764912.2807,5.883611634,18.53133392,13.29008389,43.07201004,681.7280273,33.60749817,2.752000093,30.85549736,26.67929077,19.16858292,26.67929077,9.877124786,1152,125,57,22.66762924,349,202,349,317
BBI80,subsp.multiplex,Blueberry,Vaccinium spp.,tree,1,SEUS,GA,"USA, Georgia, Brantley, Hoboken",GA,31.1810559,-82.1348416,0,0,0,0,19.37339592,13.66399956,45.36182022,626.6928101,33.84249878,3.720249891,30.1222496,26.80675125,15.88912487,26.80675125,11.37524986,1299,181,64,35.21162415,497,214,497,289
BBI80,subsp.multiplex,Blueberry,Vaccinium spp.,tree,1,SEUS,GA,"USA, Georgia, Brantley, Hoboken",GA,31.1810559,-82.1348416,0,0,0,0,19.37339592,13.66399956,45.36182022,626.6928101,33.84249878,3.720249891,30.1222496,26.80675125,15.88912487,26.80675125,11.37524986,1299,181,64,35.21162415,497,214,497,289
BBI64,subsp.multiplex,Blueberry,Vaccinium spp.,tree,1,SEUS,GA,"USA, Georgia, Brantley, Hoboken",GA,31.1810559,-82.1348416,0,0,0,0,19.37339592,13.66399956,45.36182022,626.6928101,33.84249878,3.720249891,30.1222496,26.80675125,15.88912487,26.80675125,11.37524986,1299,181,64,35.21162415,497,214,497,289
CCPM1,subsp.fastidiosa,Grapes,Vitis vinifera,tree,1,SEUS,GA,"USA, Georgia, Lumpking, Dahlonega",GA,34.5261465,-83.9843953,0.00165,-2.782516056,165000,5.217483944,14.23552036,12.82737446,40.0811615,730.9411621,30.04425049,-1.959249973,32.00350189,6.446499825,19.46962547,23.09320831,5.014500141,1564,168,111,13.42323112,465,346,360,431
WM1-1,subsp.fastidiosa,Grapes,Vitis vinifera,tree,1,SEUS,GA,"USA, Georgia, Lumpking, Dahlonega",GA,34.5261465,-83.9843953,0.024,-1.619788758,2400000,6.380211242,14.23552036,12.82737446,40.0811615,730.9411621,30.04425049,-1.959249973,32.00350189,6.446499825,19.46962547,23.09320831,5.014500141,1564,168,111,13.42323112,465,346,360,431
3SVG,subsp.fastidiosa,Grapes,Vitis sp.,tree,1,SEUS,GA,"USA, Georgia, North Georgia",GA,34.6255842,-83.7933335,0,0,0,0,14.3720417,12.84091663,40.03684235,733.0955811,30.21624947,-1.85650003,32.07275009,6.587041855,19.6141243,23.2608757,5.141166687,1568,168,113,12.70600891,462,351,364,428
3SVG,subsp.fastidiosa,Grapes,Vitis sp.,tree,1,SEUS,GA,"USA, Georgia, North Georgia",GA,34.6255842,-83.7933335,0,0,0,0,14.3720417,12.84091663,40.03684235,733.0955811,30.21624947,-1.85650003,32.07275009,6.587041855,19.6141243,23.2608757,5.141166687,1568,168,113,12.70600891,462,351,364,428
Alpha3,subsp.fastidiosa,Grapes,Vitis sp.,tree,0,SEUS,GA,"USA, Georgia, North Georgia",GA,34.6255842,-83.7933335,0,0,0,0,14.3720417,12.84091663,40.03684235,733.0955811,30.21624947,-1.85650003,32.07275009,6.587041855,19.6141243,23.2608757,5.141166687,1568,168,113,12.70600891,462,351,364,428
Alpha3,subsp.fastidiosa,Grapes,Vitis sp.,tree,0,SEUS,GA,"USA, Georgia, North Georgia",GA,34.6255842,-83.7933335,0,0,0,0,14.3720417,12.84091663,40.03684235,733.0955811,30.21624947,-1.85650003,32.07275009,6.587041855,19.6141243,23.2608757,5.141166687,1568,168,113,12.70600891,462,351,364,428
M1,subsp.fastidiosa,Blueberry,Vaccinium spp.,tree,1,SEUS,GA,"USA, Georgia, Pierce, Stevie Yong Farm",GA,32.1656221,-82.9000751,0.006347059,-2.197427477,634705.8824,5.802572523,18.53133392,13.29008389,43.07201004,681.7280273,33.60749817,2.752000093,30.85549736,26.67929077,19.16858292,26.67929077,9.877124786,1152,125,57,22.66762924,349,202,349,317
M1,subsp.fastidiosa,Blueberry,Vaccinium spp.,tree,1,SEUS,GA,"USA, Georgia, Pierce, Stevie Yong Farm",GA,32.1656221,-82.9000751,0.008673139,-2.061823685,867313.9159,5.938176315,18.53133392,13.29008389,43.07201004,681.7280273,33.60749817,2.752000093,30.85549736,26.67929077,19.16858292,26.67929077,9.877124786,1152,125,57,22.66762924,349,202,349,317
14B1,subsp.fastidiosa,Grapes,Vitis vinifera,tree,1,SEUS,GA,"USA, Georgia, Site 1",GA,34.797,-84.012,0.000712644,-3.147127563,71264.36782,4.852872437,12.52402115,12.46733379,39.7371521,721.7286987,28.03350067,-3.34100008,31.37450027,4.726958275,17.7927494,21.20733261,3.39279151,1650,177,108,13.04552555,481,356,389,447
14B1,subsp.fastidiosa,Grapes,Vitis vinifera,tree,1,SEUS,GA,"USA, Georgia, Site 1",GA,34.797,-84.012,0.009655172,-2.015239967,965517.2414,5.984760033,12.52402115,12.46733379,39.7371521,721.7286987,28.03350067,-3.34100008,31.37450027,4.726958275,17.7927494,21.20733261,3.39279151,1650,177,108,13.04552555,481,356,389,447
14B2,subsp.fastidiosa,Grapes,Vitis vinifera,tree,1,SEUS,GA,"USA, Georgia, Site 1",GA,34.797,-84.012,0.00232,-2.634512015,232000,5.365487985,12.52402115,12.46733379,39.7371521,721.7286987,28.03350067,-3.34100008,31.37450027,4.726958275,17.7927494,21.20733261,3.39279151,1650,177,108,13.04552555,481,356,389,447
14B2,subsp.fastidiosa,Grapes,Vitis vinifera,tree,1,SEUS,GA,"USA, Georgia, Site 1",GA,34.797,-84.012,0.01527,-1.816160963,1527000,6.183839037,12.52402115,12.46733379,39.7371521,721.7286987,28.03350067,-3.34100008,31.37450027,4.726958275,17.7927494,21.20733261,3.39279151,1650,177,108,13.04552555,481,356,389,447
14B2,subsp.fastidiosa,Grapes,Vitis vinifera,tree,1,SEUS,GA,"USA, Georgia, Site 1",GA,34.797,-84.012,0.02013,-1.696156225,2013000,6.303843775,12.52402115,12.46733379,39.7371521,721.7286987,28.03350067,-3.34100008,31.37450027,4.726958275,17.7927494,21.20733261,3.39279151,1650,177,108,13.04552555,481,356,389,447
14B3,subsp.fastidiosa,Grapes,Vitis vinifera,tree,1,SEUS,GA,"USA, Georgia, Site 1",GA,34.797,-84.012,0.000418557,-3.378245701,41855.6701,4.621754299,12.52402115,12.46733379,39.7371521,721.7286987,28.03350067,-3.34100008,31.37450027,4.726958275,17.7927494,21.20733261,3.39279151,1650,177,108,13.04552555,481,356,389,447
14B3,subsp.fastidiosa,Grapes,Vitis vinifera,tree,1,SEUS,GA,"USA, Georgia, Site 1",GA,34.797,-84.012,0.03963,-1.401975928,3963000,6.598024072,12.52402115,12.46733379,39.7371521,721.7286987,28.03350067,-3.34100008,31.37450027,4.726958275,17.7927494,21.20733261,3.39279151,1650,177,108,13.04552555,481,356,389,447
14B5,subsp.fastidiosa,Grapes,Vitis vinifera,tree,1,SEUS,GA,"USA, Georgia, Site 1",GA,34.797,-84.012,0.002269231,-2.644121336,226923.0769,5.355878664,12.52402115,12.46733379,39.7371521,721.7286987,28.03350067,-3.34100008,31.37450027,4.726958275,17.7927494,21.20733261,3.39279151,1650,177,108,13.04552555,481,356,389,447
14B5,subsp.fastidiosa,Grapes,Vitis vinifera,tree,1,SEUS,GA,"USA, Georgia, Site 1",GA,34.797,-84.012,0.013290323,-1.876464478,1329032.258,6.123535522,12.52402115,12.46733379,39.7371521,721.7286987,28.03350067,-3.34100008,31.37450027,4.726958275,17.7927494,21.20733261,3.39279151,1650,177,108,13.04552555,481,356,389,447
14B7,subsp.fastidiosa,Grapes,Vitis vinifera,tree,1,SEUS,GA,"USA, Georgia, Site 1",GA,34.797,-84.012,0.0000443,-4.353170674,4434.343434,3.646829326,12.52402115,12.46733379,39.7371521,721.7286987,28.03350067,-3.34100008,31.37450027,4.726958275,17.7927494,21.20733261,3.39279151,1650,177,108,13.04552555,481,356,389,447
14B7,subsp.fastidiosa,Grapes,Vitis vinifera,tree,1,SEUS,GA,"USA, Georgia, Site 1",GA,34.797,-84.012,0.001152,-2.938547521,115200,5.061452479,12.52402115,12.46733379,39.7371521,721.7286987,28.03350067,-3.34100008,31.37450027,4.726958275,17.7927494,21.20733261,3.39279151,1650,177,108,13.04552555,481,356,389,447
15B2,subsp.fastidiosa,Grapes,Vitis vinifera,tree,1,SEUS,GA,"USA, Georgia, Site 1",GA,34.797,-84.012,0.03039,-1.5172693,3039000,6.4827307,12.52402115,12.46733379,39.7371521,721.7286987,28.03350067,-3.34100008,31.37450027,4.726958275,17.7927494,21.20733261,3.39279151,1650,177,108,13.04552555,481,356,389,447
15B2,subsp.fastidiosa,Grapes,Vitis vinifera,tree,1,SEUS,GA,"USA, Georgia, Site 1",GA,34.797,-84.012,0.03093,-1.50962008,3093000,6.49037992,12.52402115,12.46733379,39.7371521,721.7286987,28.03350067,-3.34100008,31.37450027,4.726958275,17.7927494,21.20733261,3.39279151,1650,177,108,13.04552555,481,356,389,447
15B3,subsp.fastidiosa,Grapes,Vitis vinifera,tree,1,SEUS,GA,"USA, Georgia, Site 1",GA,34.797,-84.012,0.005778,-2.238222462,577800,5.761777538,12.52402115,12.46733379,39.7371521,721.7286987,28.03350067,-3.34100008,31.37450027,4.726958275,17.7927494,21.20733261,3.39279151,1650,177,108,13.04552555,481,356,389,447
15B3,subsp.fastidiosa,Grapes,Vitis vinifera,tree,1,SEUS,GA,"USA, Georgia, Site 1",GA,34.797,-84.012,0.008912,-2.050024822,891200,5.949975178,12.52402115,12.46733379,39.7371521,721.7286987,28.03350067,-3.34100008,31.37450027,4.726958275,17.7927494,21.20733261,3.39279151,1650,177,108,13.04552555,481,356,389,447
15B3,subsp.fastidiosa,Grapes,Vitis vinifera,tree,1,SEUS,GA,"USA, Georgia, Site 1",GA,34.797,-84.012,0.028141026,-1.550660078,2814102.564,6.449339922,12.52402115,12.46733379,39.7371521,721.7286987,28.03350067,-3.34100008,31.37450027,4.726958275,17.7927494,21.20733261,3.39279151,1650,177,108,13.04552555,481,356,389,447
16B1,subsp.fastidiosa,Grapes,Vitis vinifera,tree,1,SEUS,GA,"USA, Georgia, Site 1",GA,34.797,-84.012,0.003849462,-2.414599922,384946.2366,5.585400078,12.52402115,12.46733379,39.7371521,721.7286987,28.03350067,-3.34100008,31.37450027,4.726958275,17.7927494,21.20733261,3.39279151,1650,177,108,13.04552555,481,356,389,447
16B1,subsp.fastidiosa,Grapes,Vitis vinifera,tree,1,SEUS,GA,"USA, Georgia, Site 1",GA,34.797,-84.012,0.005568627,-2.254251836,556862.7451,5.745748164,12.52402115,12.46733379,39.7371521,721.7286987,28.03350067,-3.34100008,31.37450027,4.726958275,17.7927494,21.20733261,3.39279151,1650,177,108,13.04552555,481,356,389,447
16B2,subsp.fastidiosa,Grapes,Vitis vinifera,tree,1,SEUS,GA,"USA, Georgia, Site 1",GA,34.797,-84.012,0.002364964,-2.626175557,236496.3504,5.373824443,12.52402115,12.46733379,39.7371521,721.7286987,28.03350067,-3.34100008,31.37450027,4.726958275,17.7927494,21.20733261,3.39279151,1650,177,108,13.04552555,481,356,389,447
16B2,subsp.fastidiosa,Grapes,Vitis vinifera,tree,1,SEUS,GA,"USA, Georgia, Site 1",GA,34.797,-84.012,0.0038375,-2.415951612,383750,5.584048388,12.52402115,12.46733379,39.7371521,721.7286987,28.03350067,-3.34100008,31.37450027,4.726958275,17.7927494,21.20733261,3.39279151,1650,177,108,13.04552555,481,356,389,447
16B3,subsp.fastidiosa,Grapes,Vitis vinifera,tree,1,SEUS,GA,"USA, Georgia, Site 1",GA,34.797,-84.012,0.0000755,-4.122295427,7545.787546,3.877704573,12.52402115,12.46733379,39.7371521,721.7286987,28.03350067,-3.34100008,31.37450027,4.726958275,17.7927494,21.20733261,3.39279151,1650,177,108,13.04552555,481,356,389,447
16B3,subsp.fastidiosa,Grapes,Vitis vinifera,tree,1,SEUS,GA,"USA, Georgia, Site 1",GA,34.797,-84.012,0.00020354,-3.691350607,20353.9823,4.308649393,12.52402115,12.46733379,39.7371521,721.7286987,28.03350067,-3.34100008,31.37450027,4.726958275,17.7927494,21.20733261,3.39279151,1650,177,108,13.04552555,481,356,389,447
16B4,subsp.fastidiosa,Grapes,Vitis vinifera,tree,1,SEUS,GA,"USA, Georgia, Site 1",GA,34.797,-84.012,0.007552124,-2.121930914,755212.3552,5.878069086,12.52402115,12.46733379,39.7371521,721.7286987,28.03350067,-3.34100008,31.37450027,4.726958275,17.7927494,21.20733261,3.39279151,1650,177,108,13.04552555,481,356,389,447
16B4,subsp.fastidiosa,Grapes,Vitis vinifera,tree,1,SEUS,GA,"USA, Georgia, Site 1",GA,34.797,-84.012,0.04127,-1.384365531,4127000,6.615634469,12.52402115,12.46733379,39.7371521,721.7286987,28.03350067,-3.34100008,31.37450027,4.726958275,17.7927494,21.20733261,3.39279151,1650,177,108,13.04552555,481,356,389,447
16B5,subsp.fastidiosa,Grapes,Vitis vinifera,tree,1,SEUS,GA,"USA, Georgia, Site 1",GA,34.797,-84.012,0.000759184,-3.11965314,75918.36735,4.88034686,12.52402115,12.46733379,39.7371521,721.7286987,28.03350067,-3.34100008,31.37450027,4.726958275,17.7927494,21.20733261,3.39279151,1650,177,108,13.04552555,481,356,389,447
16B5,subsp.fastidiosa,Grapes,Vitis vinifera,tree,1,SEUS,GA,"USA, Georgia, Site 1",GA,34.797,-84.012,0.001113636,-2.953256596,111363.6364,5.046743404,12.52402115,12.46733379,39.7371521,721.7286987,28.03350067,-3.34100008,31.37450027,4.726958275,17.7927494,21.20733261,3.39279151,1650,177,108,13.04552555,481,356,389,447
15M1,subsp.fastidiosa,Grapes,Vitis vinifera,tree,1,SEUS,GA,"USA, Georgia, Site 2",GA,34.57,-84.064,0.010619048,-1.973914432,1061904.762,6.026085568,13.83236408,12.55272865,39.68238449,726.3610229,29.4972496,-2.135750055,31.63299942,6.052291393,19.06550026,22.62112427,4.668291569,1587,171,109,13.7232523,471,344,366,437
15M1,subsp.fastidiosa,Grapes,Vitis vinifera,tree,1,SEUS,GA,"USA, Georgia, Site 2",GA,34.57,-84.064,0.01608,-1.793713956,1608000,6.206286044,13.83236408,12.55272865,39.68238449,726.3610229,29.4972496,-2.135750055,31.63299942,6.052291393,19.06550026,22.62112427,4.668291569,1587,171,109,13.7232523,471,344,366,437
16M2,subsp.fastidiosa,Grapes,Vitis vinifera,tree,1,SEUS,GA,"USA, Georgia, Site 2",GA,34.57,-84.064,0.007581395,-2.120250856,758139.5349,5.879749144,13.83236408,12.55272865,39.68238449,726.3610229,29.4972496,-2.135750055,31.63299942,6.052291393,19.06550026,22.62112427,4.668291569,1587,171,109,13.7232523,471,344,366,437
16M2,subsp.fastidiosa,Grapes,Vitis vinifera,tree,1,SEUS,GA,"USA, Georgia, Site 2",GA,34.57,-84.064,0.122894737,-0.910466716,12289473.68,7.089533284,13.83236408,12.55272865,39.68238449,726.3610229,29.4972496,-2.135750055,31.63299942,6.052291393,19.06550026,22.62112427,4.668291569,1587,171,109,13.7232523,471,344,366,437
16M3,subsp.fastidiosa,Grapes,Vitis vinifera,tree,1,SEUS,GA,"USA, Georgia, Site 2",GA,34.57,-84.064,0.210693069,-0.67634975,21069306.93,7.32365025,13.83236408,12.55272865,39.68238449,726.3610229,29.4972496,-2.135750055,31.63299942,6.052291393,19.06550026,22.62112427,4.668291569,1587,171,109,13.7232523,471,344,366,437
16M3,subsp.fastidiosa,Grapes,Vitis vinifera,tree,1,SEUS,GA,"USA, Georgia, Site 2",GA,34.57,-84.064,0.619090909,-0.208245573,61909090.91,7.791754427,13.83236408,12.55272865,39.68238449,726.3610229,29.4972496,-2.135750055,31.63299942,6.052291393,19.06550026,22.62112427,4.668291569,1587,171,109,13.7232523,471,344,366,437
16M5,subsp.fastidiosa,Grapes,Vitis vinifera,tree,1,SEUS,GA,"USA, Georgia, Site 2",GA,34.57,-84.064,0.007136364,-2.146523028,713636.3636,5.853476972,13.83236408,12.55272865,39.68238449,726.3610229,29.4972496,-2.135750055,31.63299942,6.052291393,19.06550026,22.62112427,4.668291569,1587,171,109,13.7232523,471,344,366,437
16M5,subsp.fastidiosa,Grapes,Vitis vinifera,tree,1,SEUS,GA,"USA, Georgia, Site 2",GA,34.57,-84.064,0.03064588,-1.513627907,3064587.973,6.486372093,13.83236408,12.55272865,39.68238449,726.3610229,29.4972496,-2.135750055,31.63299942,6.052291393,19.06550026,22.62112427,4.668291569,1587,171,109,13.7232523,471,344,366,437
16M6,subsp.fastidiosa,Grapes,Vitis vinifera,tree,1,SEUS,GA,"USA, Georgia, Site 2",GA,34.57,-84.064,0.002604396,-2.584293046,260439.5604,5.415706954,13.83236408,12.55272865,39.68238449,726.3610229,29.4972496,-2.135750055,31.63299942,6.052291393,19.06550026,22.62112427,4.668291569,1587,171,109,13.7232523,471,344,366,437
16M6,subsp.fastidiosa,Grapes,Vitis vinifera,tree,1,SEUS,GA,"USA, Georgia, Site 2",GA,34.57,-84.064,0.009065574,-2.042604704,906557.377,5.957395296,13.83236408,12.55272865,39.68238449,726.3610229,29.4972496,-2.135750055,31.63299942,6.052291393,19.06550026,22.62112427,4.668291569,1587,171,109,13.7232523,471,344,366,437
16M7,subsp.fastidiosa,Grapes,Vitis vinifera,tree,1,SEUS,GA,"USA, Georgia, Site 2",GA,34.57,-84.064,0.02,-1.698970004,2000000,6.301029996,13.83236408,12.55272865,39.68238449,726.3610229,29.4972496,-2.135750055,31.63299942,6.052291393,19.06550026,22.62112427,4.668291569,1587,171,109,13.7232523,471,344,366,437
16M7,subsp.fastidiosa,Grapes,Vitis vinifera,tree,1,SEUS,GA,"USA, Georgia, Site 2",GA,34.57,-84.064,0.04894,-1.310336035,4894000,6.689663965,13.83236408,12.55272865,39.68238449,726.3610229,29.4972496,-2.135750055,31.63299942,6.052291393,19.06550026,22.62112427,4.668291569,1587,171,109,13.7232523,471,344,366,437
16M7,subsp.fastidiosa,Grapes,Vitis vinifera,tree,1,SEUS,GA,"USA, Georgia, Site 2",GA,34.57,-84.064,0.1531,-0.815024809,15310000,7.184975191,13.83236408,12.55272865,39.68238449,726.3610229,29.4972496,-2.135750055,31.63299942,6.052291393,19.06550026,22.62112427,4.668291569,1587,171,109,13.7232523,471,344,366,437
16M8,subsp.fastidiosa,Grapes,Vitis vinifera,tree,1,SEUS,GA,"USA, Georgia, Site 2",GA,34.57,-84.064,0.003938462,-2.404673391,393846.1538,5.595326609,13.83236408,12.55272865,39.68238449,726.3610229,29.4972496,-2.135750055,31.63299942,6.052291393,19.06550026,22.62112427,4.668291569,1587,171,109,13.7232523,471,344,366,437
16M8,subsp.fastidiosa,Grapes,Vitis vinifera,tree,1,SEUS,GA,"USA, Georgia, Site 2",GA,34.57,-84.064,0.007082353,-2.149822434,708235.2941,5.850177566,13.83236408,12.55272865,39.68238449,726.3610229,29.4972496,-2.135750055,31.63299942,6.052291393,19.06550026,22.62112427,4.668291569,1587,171,109,13.7232523,471,344,366,437
SRBB,subsp.multiplex,Blueberry,Vaccinium spp.,tree,1,SEUS,GA,"USA, Georgia, South Georgia",GA,37.09024,-95.712891,0,0,0,0,14.34754181,12.92708302,32.91889191,951.744812,33.48199844,-5.787499905,39.26949692,19.20216751,2.160208225,25.79683304,2.160208225,1050,137,36,35.71408081,361,133,294,133
SRBB,subsp.multiplex,Blueberry,Vaccinium spp.,tree,1,SEUS,GA,"USA, Georgia, South Georgia",GA,37.09024,-95.712891,0,0,0,0,14.34754181,12.92708302,32.91889191,951.744812,33.48199844,-5.787499905,39.26949692,19.20216751,2.160208225,25.79683304,2.160208225,1050,137,36,35.71408081,361,133,294,133
CFBP8084,subsp.morus,Mulberry,Morus alba,tree,1,SEUS,GA,"USA, Georiga",GA,32.1656221,-82.9000751,0,0,0,0,18.53133392,13.29008389,43.07201004,681.7280273,33.60749817,2.752000093,30.85549736,26.67929077,19.16858292,26.67929077,9.877124786,1152,125,57,22.66762924,349,202,349,317
CFBP8084,subsp.morus,Mulberry,Morus alba,tree,1,SEUS,GA,"USA, Georiga",GA,32.1656221,-82.9000751,0,0,0,0,18.53133392,13.29008389,43.07201004,681.7280273,33.60749817,2.752000093,30.85549736,26.67929077,19.16858292,26.67929077,9.877124786,1152,125,57,22.66762924,349,202,349,317
LA-Y3C,subsp.multiplex,Blueberry,Vaccinium ashei,tree,1,SEUS,LA,"USA, Louisiana, East Feliciana",LA,30.8458948,-91.0203224,0.00000417,-5.380211242,416.6666667,2.619788758,18.64862442,12.27441692,41.37153244,670.8397217,32.74425125,3.075500011,29.66875076,10.11641693,19.23329163,26.58770943,10.11641693,1615,157,94,13.61238956,455,333,393,455
LA-Y3C,subsp.multiplex,Blueberry,Vaccinium ashei,tree,1,SEUS,LA,"USA, Louisiana, East Feliciana",LA,30.8458948,-91.0203224,0.00026,-3.585026652,26000,4.414973348,18.64862442,12.27441692,41.37153244,670.8397217,32.74425125,3.075500011,29.66875076,10.11641693,19.23329163,26.58770943,10.11641693,1615,157,94,13.61238956,455,333,393,455
CFBP8083,subsp.fastidiosa,Grapes,Vitis vinifera,tree,1,SEUS,NC,"USA, North Carolina",NC,35.7595731,-79.0192997,0,0,0,0,15.19464588,13.23645782,39.31582642,776.7720947,32.0067482,-1.660249949,33.66699982,24.65266609,10.75579166,24.65266609,5.427000046,1165,113,78,12.11385918,324,254,324,278
CFBP8083,subsp.fastidiosa,Grapes,Vitis vinifera,tree,1,SEUS,NC,"USA, North Carolina",NC,35.7595731,-79.0192997,0,0,0,0,15.19464588,13.23645782,39.31582642,776.7720947,32.0067482,-1.660249949,33.66699982,24.65266609,10.75579166,24.65266609,5.427000046,1165,113,78,12.11385918,324,254,324,278
CFBP8083,subsp.fastidiosa,Grapes,Vitis vinifera,tree,1,SEUS,NC,"USA, North Carolina",NC,35.7595731,-79.0192997,0,0,0,0,15.19464588,13.23645782,39.31582642,776.7720947,32.0067482,-1.660249949,33.66699982,24.65266609,10.75579166,24.65266609,5.427000046,1165,113,78,12.11385918,324,254,324,278
CFBP7969,subsp.fastidiosa,Grapes,Vitis rotundifolia,tree,0,SEUS,NC,"USA, North Carolina, North Carolina Horticultural crops research station Castle Hayne",NC,34.321243,-77.9194972,0,0,0,0,17.46066856,11.84831619,39.01361465,707.2042236,31.94343376,1.573737383,30.36969566,25.57971382,13.61073208,25.95189476,8.508627892,1403,198,72,34.06354904,521,246,513,300
CFBP7969,subsp.fastidiosa,Grapes,Vitis rotundifolia,tree,0,SEUS,NC,"USA, North Carolina, North Carolina Horticultural crops research station Castle Hayne",NC,34.321243,-77.9194972,0,0,0,0,17.46066856,11.84831619,39.01361465,707.2042236,31.94343376,1.573737383,30.36969566,25.57971382,13.61073208,25.95189476,8.508627892,1403,198,72,34.06354904,521,246,513,300
CFBP7969,subsp.fastidiosa,Grapes,Vitis rotundifolia,tree,0,SEUS,NC,"USA, North Carolina, North Carolina Horticultural crops research station Castle Hayne",NC,34.321243,-77.9194972,0,0,0,0,17.46066856,11.84831619,39.01361465,707.2042236,31.94343376,1.573737383,30.36969566,25.57971382,13.61073208,25.95189476,8.508627892,1403,198,72,34.06354904,521,246,513,300
MEDPRI047,subsp.sandyi,Oleander,Nerium oleander,tree,0,SEUS,TX,"USA, Texas",TX,31.9685988,-99.9018131,0,0,0,0,18.02574921,14.62320805,40.40341568,796.3035889,35.21575165,-0.97724998,36.19300079,23.76145744,8.924666405,27.45050049,7.852499962,640,94,24,44.3966217,220,84,189,84
MEDPRI047,subsp.sandyi,Oleander,Nerium oleander,tree,0,SEUS,TX,"USA, Texas",TX,31.9685988,-99.9018131,0,0,0,0,18.02574921,14.62320805,40.40341568,796.3035889,35.21575165,-0.97724998,36.19300079,23.76145744,8.924666405,27.45050049,7.852499962,640,94,24,44.3966217,220,84,189,84
VALVAL072Ext,subsp.multiplex,weeds,Ambrosia trifida var. texana,herb,0,SEUS,TX,"USA, Texas, Del Rio, Val Verde",TX,29.3606263,-100.9173177,0,0,0,0,20.88222885,13.09916687,40.86529922,715.1251221,35.84249878,3.788000107,32.05449677,25.86645889,12.41979218,29.20366669,11.65383339,496,74,14,47.54734421,184,53,158,55
VALVAL072Ext,subsp.multiplex,weeds,Ambrosia trifida var. texana,herb,0,SEUS,TX,"USA, Texas, Del Rio, Val Verde",TX,29.3606263,-100.9173177,0,0,0,0,20.88222885,13.09916687,40.86529922,715.1251221,35.84249878,3.788000107,32.05449677,25.86645889,12.41979218,29.20366669,11.65383339,496,74,14,47.54734421,184,53,158,55
GILGRA274ext,subsp.multiplex,weeds,Helianthus annuus,herb,1,SEUS,TX,"USA, Texas, Gillespie, Willow City",TX,30.4007508,-98.7014248,0,0,0,0,18.47495842,13.54666615,41.62889481,698.414978,33.96924973,1.427749991,32.54150009,22.11429214,9.513666153,26.71533394,9.513666153,777,112,36,38.86316299,267,121,209,121
GILGRA274ext,subsp.multiplex,weeds,Helianthus annuus,herb,1,SEUS,TX,"USA, Texas, Gillespie, Willow City",TX,30.4007508,-98.7014248,0,0,0,0,18.47495842,13.54666615,41.62889481,698.414978,33.96924973,1.427749991,32.54150009,22.11429214,9.513666153,26.71533394,9.513666153,777,112,36,38.86316299,267,121,209,121
LLAFAL718A,subsp.multiplex,weeds,Iva angustifolia,herb,0,SEUS,TX,"USA, Texas, Llano, Tow",TX,30.8835094,-98.4725331,0,0,0,0,18.34613609,13.27543736,39.57500839,738.5696411,34.27550125,0.730499983,33.54500198,22.1566658,8.871167183,27.08787537,8.871167183,738,109,35,33.579216,252,126,182,126
LLAFAL718A,subsp.multiplex,weeds,Iva angustifolia,herb,0,SEUS,TX,"USA, Texas, Llano, Tow",TX,30.8835094,-98.4725331,0,0,0,0,18.34613609,13.27543736,39.57500839,738.5696411,34.27550125,0.730499983,33.54500198,22.1566658,8.871167183,27.08787537,8.871167183,738,109,35,33.579216,252,126,182,126
UVA519_1B,subsp.multiplex,redbud,Cercis spp.,tree,0,SEUS,TX,"USA, Texas, Uvalde, Uvalde",TX,29.2096836,-99.7861679,0,0,0,0,20.50096893,14.18889618,43.60413742,691.4701538,35.75725174,3.217000008,32.54025269,25.45700073,13.35666656,28.46683311,11.48166656,611,80,27,40.24847031,212,87,188,87
UVA519_1B,subsp.multiplex,redbud,Cercis spp.,tree,0,SEUS,TX,"USA, Texas, Uvalde, Uvalde",TX,29.2096836,-99.7861679,0,0,0,0,20.50096893,14.18889618,43.60413742,691.4701538,35.75725174,3.217000008,32.54025269,25.45700073,13.35666656,28.46683311,11.48166656,611,80,27,40.24847031,212,87,188,87
CFBP8068,subsp.multiplex,Elm,Ulmus sp,tree,1,SEUS,DC,"USA, Washington",DC,47.7511,-120.7401,0,0,0,0,6.372145653,12.07808304,36.80266571,757.1813965,25.34399986,-7.474500179,32.81850052,-2.224916697,15.6491251,15.6491251,-2.786708355,1016,196,17,76.75983429,547,73,73,506
PD7202,subsp.pauca,Olive,Olea europaea,tree,1,MesoAmerica,Costa Rica,Costa Rica,Costa Rica,9.748917,-83.753428,0,0,0,0,18.2993545532227,9.63404178619385,81.2724914550781,59.937255859375,24.300500869751,12.4464998245239,11.8540010452271,18.3377494812012,18.5722923278809,18.9694995880127,17.5197086334229,3358,393,123,33.2367515563965,1126,433,609,821
